file,left1,top1,right1,bottom1,left2,top2,right2,bottom2,left3,top3,right3,bottom3,left4,top4,right4,bottom4
393b8e45-6d97-4013-8100-27ebf07a1dad.png,651,576,917,762,156,620,437,751,,,,,,,,
393e9541-7b37-47cb-a706-a3e518f440af.png,662,498,862,741,,,,,,,,,,,,
39919c47-0f93-417f-96fb-1aa8a6d6e7ab.png,647,147,888,620,328,203,542,606,,,,,,,,
39c1395d-f5d7-4ce2-9154-04bd38bc8729.png,664,333,951,536,274,419,476,512,,,,,,,,
39ced0d0-246c-430d-9bea-efc60bfa487c.png,228,505,469,682,,,,,,,,,,,,
39d8b259-c37f-4e07-b128-b768d8d7a010.png,696,398,857,699,263,475,478,645,,,,,,,,
3a03d95c-fea8-471e-b7b8-e8efef2fd4a9.png,126,382,398,628,,,,,,,,,,,,
3a0c1a58-6d13-43f3-a5a0-07d8ecdf7fd5.png,184,372,423,559,,,,,,,,,,,,
3a0fb504-c7fe-4f7e-9bf1-98560c74614d.png,228,309,433,740,580,412,812,810,,,,,,,,
3a364ace-4994-4be2-a3e2-cab2627c740e.png,319,351,465,651,,,,,,,,,,,,
3a37447e-4d0a-4165-a5a2-74a015de8098.png,216,380,380,581,573,172,803,580,,,,,,,,
3a902c1d-e41b-43d3-8484-4c0d92a30271.png,638,422,914,622,188,501,419,713,,,,,,,,
3a9196af-16e0-4a6a-95e4-426614770eb2.png,574,519,885,706,,,,,,,,,,,,
3adf7f71-3ded-406d-a08c-a61d152f78dc.png,141,250,404,841,554,297,852,891,,,,,,,,
3b2cd577-6e31-4b41-8349-dacac273aadf.png,621,447,948,593,,,,,,,,,,,,
3b4decc7-fed9-46fd-9d30-179b7cde4a2c.png,215,459,482,644,,,,,,,,,,,,
3b57df96-2208-4717-9d32-0d54ebbee4fa.png,339,429,472,652,,,,,,,,,,,,
3b5ce046-19d3-4a6e-8664-0a5fa7e1014b.png,263,639,427,889,,,,,,,,,,,,
3b75d0e1-a430-4d1e-a89e-672d25ca6953.png,599,324,803,571,319,133,460,383,,,,,,,,
3b84f97b-fa88-424a-891c-e57c3b92c062.png,99,550,420,769,,,,,,,,,,,,
3ba80992-3ec3-421a-97b8-354f1a5dbae1.png,540,540,773,743,138,512,364,731,,,,,,,,
3c2270fa-2323-48c2-a341-1ea0d84d7cee.png,354,355,495,591,,,,,,,,,,,,
3c329c7a-1dcf-41c6-a3ab-1db886e8ebd8.png,205,465,441,672,,,,,,,,,,,,
3c3edd61-17dd-4ec2-b434-d5bbe0bbb13f.png,171,483,356,792,592,432,826,836,,,,,,,,
3cbb9e96-b202-40e2-bff0-176d31500640.png,598,449,841,826,108,468,415,830,,,,,,,,
3cfaf293-a1a0-4130-b994-ad3df8a4008c.png,200,460,348,755,,,,,,,,,,,,
3d070009-c877-4ed4-ac80-53781cb30fef.png,173,134,432,796,573,123,901,831,,,,,,,,
3d0964c8-b41f-4e3b-a871-fbaca943558b.png,195,591,440,752,,,,,,,,,,,,
3d259836-0ac3-4608-8384-ea7b8473709d.png,612,494,784,710,168,476,394,696,,,,,,,,
3d341003-fe1c-4709-a20a-0a543a3e3743.png,571,201,799,431,,,,,,,,,,,,
3d7fb4b4-5e62-4591-aa4d-cbbc1ca3ffb7.png,31,474,366,778,598,519,876,843,,,,,,,,
3d8b3936-bbcc-4700-999f-0c2129d07997.png,286,346,411,560,,,,,,,,,,,,
3d963020-db86-43c6-8133-21c69cb65df0.png,232,465,416,750,565,351,759,593,,,,,,,,
3da7cc6a-7864-4ab8-8842-297650b7db19.png,635,386,835,668,131,395,431,653,,,,,,,,
3daf4e31-32b6-486d-8091-4747a365cf60.png,211,554,396,821,,,,,,,,,,,,
3dcd38ce-8adc-4c9b-92f7-768a33611f57.png,207,403,434,797,,,,,,,,,,,,
3de7efd4-d074-4fee-95d7-4718e4d7df91.png,577,475,810,767,,,,,,,,,,,,
3e07be0a-9693-4f9c-9295-9e72b3e2a872.png,176,429,375,690,,,,,,,,,,,,
3e2fa4f1-9513-41c6-b520-43154569f8cc.png,245,535,416,790,,,,,,,,,,,,
3e310709-b9b9-49c3-b2fc-cc82c5b8018a.png,273,459,475,645,,,,,,,,,,,,
3e3babaa-b242-4dac-a549-9c87dec28ead.png,298,366,520,527,,,,,,,,,,,,
3e8eea71-b36a-49a9-8fbc-47749ee2c641.png,251,249,451,559,,,,,,,,,,,,
3e9ff8ec-edfa-4435-a3ef-898b09b234bc.png,226,504,427,762,,,,,,,,,,,,
3eb94a9c-7597-4c32-8ec4-37d3889fe317.png,161,556,361,802,,,,,,,,,,,,
3ebe379f-90fc-44a7-9602-71c5abfdd50a.png,636,436,855,731,264,405,457,648,,,,,,,,
3efe3e31-90f3-42a2-ae15-70f8906f14ec.png,653,312,910,713,185,256,474,660,,,,,,,,
3f040848-3b3f-4cc9-b7e1-eb5bea7a3a7c.png,587,481,837,801,,,,,,,,,,,,
3f20c5bb-e534-42fe-b3f7-b6c3c4ec01ed.png,673,498,949,756,217,463,470,672,,,,,,,,
3f2bb376-afc0-4bd2-94bf-64b55746917f.png,201,428,434,586,597,369,812,464,,,,,,,,
3f2c6378-2869-4f4f-86a8-c83cc15d8580.png,205,475,453,592,,,,,,,,,,,,
3f30761d-5615-4039-a155-0fd26f461742.png,196,457,460,687,,,,,,,,,,,,
3f375c9a-9059-4886-9275-165281dd41b0.png,161,332,424,571,,,,,,,,,,,,
3f382606-c1bd-4742-82f8-36feafa7e643.png,202,574,417,700,,,,,,,,,,,,
3f5d46e2-0430-450d-ad40-6b905b283b5e.png,212,513,428,696,,,,,,,,,,,,
3f7e55d4-fa63-42d3-8732-98d16f2e34be.png,208,370,403,645,,,,,,,,,,,,
3fa13d7f-8b18-443d-8dfe-2b098bfec24a.png,165,379,434,636,586,415,879,763,,,,,,,,
3fa9f026-6175-4e8d-b6eb-e42bf92ba727.png,131,526,385,658,,,,,,,,,,,,
3fbd74df-08fb-4145-abdc-5e27828b3d30.png,608,396,829,724,279,464,453,681,,,,,,,,
3fcd4b0a-c575-40a8-95ce-34eab7025d62.png,138,156,486,715,642,163,970,769,,,,,,,,
40b011e6-7d68-482e-b8b0-664a61ebe21d.png,628,365,879,787,167,254,462,618,,,,,,,,
40fd6a4f-4987-494a-a297-80ba2cfa2dc4.png,692,391,894,591,,,,,,,,,,,,
40fe04af-77d2-4c36-80eb-043568abdbf3.png,555,506,830,692,,,,,,,,,,,,
413d1f9a-dbd3-476c-b71f-ffd23ef38b98.png,257,478,493,613,,,,,,,,,,,,
419e1001-50d6-40bb-a448-57abdb795117.png,578,442,936,728,,,,,,,,,,,,
41ec1c4d-4c6d-41be-a305-bb43da76ac27.png,290,609,512,754,,,,,,,,,,,,
4206173d-0db2-4f32-80fb-0bd99d5532e1.png,570,402,825,601,,,,,,,,,,,,
422d598c-f96e-40e0-abea-f6db2f9945ec.png,569,308,851,666,200,232,459,638,,,,,,,,
4240c194-667f-498b-989f-ae7bd19e68a0.png,185,292,485,714,,,,,,,,,,,,
426a8a7e-a02a-43fe-aee1-b052cbf0ed57.png,309,406,470,656,,,,,,,,,,,,
4281b0c0-eab8-428f-893f-06a2291ace68.png,597,473,920,612,,,,,,,,,,,,
433c5421-aff0-4b35-b520-1540c9efafe0.png,576,462,955,780,,,,,,,,,,,,
43605721-d0e0-4d58-b212-b05a295b21be.png,565,338,855,670,,,,,,,,,,,,
44db1d69-388e-4268-849e-852c1f092a01.png,592,398,771,657,,,,,,,,,,,,
45e92e87-9e8e-4783-ba97-c032c17864da.png,124,252,297,542,,,,,,,,,,,,
4637f5df-19c7-406d-829a-aafa747821ec.png,326,626,490,953,,,,,,,,,,,,
46c06db4-948e-4495-a9a1-d4f945a0fb6e.png,699,134,881,579,,,,,,,,,,,,
474c28ea-3798-48df-b93c-c90472423623.png,574,568,806,827,,,,,,,,,,,,
47a15caf-d139-4fa3-956d-6f8afa5ac376.png,162,176,460,524,,,,,,,,,,,,
483d087d-712d-46eb-8f5f-eaa1a53ec2ed.png,170,467,423,736,,,,,,,,,,,,
486c3a4e-e899-44ef-b89e-f5f808177b91.png,630,318,818,798,,,,,,,,,,,,
4878535b-ef11-4656-b44c-ed21d223e4d3.png,297,334,497,560,,,,,,,,,,,,
497c6936-eabe-436c-9def-6a4d129b12d3.png,183,275,431,607,,,,,,,,,,,,
49f0fa25-89cd-41a7-9c70-4d7d8d9be572.png,175,319,410,668,,,,,,,,,,,,
4aa7db1e-ea71-4b63-ae8a-877244ae1e06.png,570,346,858,527,,,,,,,,,,,,
4bb57856-c155-4099-bcd6-d254547994d2.png,270,369,474,636,,,,,,,,,,,,
50e589e1-e878-4994-b29f-ce9d731ac2db.png,250,241,503,622,,,,,,,,,,,,
5337cc53-2e5d-4583-8173-c130cbe8fc74.png,617,544,905,815,,,,,,,,,,,,
537cd661-6eba-499a-a4bb-2f442897db12.png,498,410,860,692,,,,,,,,,,,,
53da51f9-d894-4a24-9d1c-513b6c1433f8.png,150,372,436,789,,,,,,,,,,,,
549ee5af-e19d-4483-9f7b-d3025dbb1979.png,184,231,441,802,,,,,,,,,,,,
5774a68f-e370-4522-a1c2-cc03e2bfb3b6.png,558,380,875,664,,,,,,,,,,,,
578e3b58-53cf-44e8-9d2e-81bd47ec7edc.png,126,233,330,592,,,,,,,,,,,,
57a3b6a4-4b5d-4436-b526-275ba2586b46.png,180,477,352,678,,,,,,,,,,,,
5803ec5d-f374-4c19-b7f5-93e12e5a2eb2.png,654,243,880,602,,,,,,,,,,,,
580ac649-504a-472d-abb8-0d53d82fc801.png,217,451,430,564,,,,,,,,,,,,
5848e2cd-4a74-400f-8fe8-f78c136a2ec3.png,590,365,834,607,,,,,,,,,,,,
5871bd61-108b-4c53-bc24-c20522d56061.png,606,449,790,746,264,460,414,723,,,,,,,,
594df72e-4237-41a1-8712-73f91c596cb4.png,202,369,443,613,,,,,,,,,,,,
5aa43eef-1877-40eb-ba8c-6001452f7d89.png,101,371,367,549,,,,,,,,,,,,
5acc56a4-1b6e-4394-9364-9772047d583f.png,596,137,818,505,,,,,,,,,,,,
5d1d1eb6-1c43-416e-b280-7aa689c4589a.png,298,422,437,640,,,,,,,,,,,,
5e79685b-7bcc-49d2-986c-e3d07a319a3a.png,194,474,397,626,,,,,,,,,,,,
5e875cfe-01a5-4433-a953-f460c315838a.png,156,523,393,693,,,,,,,,,,,,
604a0eca-1494-47b8-a49b-713d24d070f9.png,682,371,881,592,,,,,,,,,,,,
608623de-7a7a-4988-8e94-61d8a0a1cbd3.png,183,395,370,601,,,,,,,,,,,,
617d8a06-9de7-4b9e-b7c8-a9c234a44602.png,634,483,835,630,,,,,,,,,,,,
628eea1d-9db2-4a99-acb3-0d846c3ac48f.png,171,589,409,777,,,,,,,,,,,,
639b858a-eaf2-4605-9a90-25a07876421e.png,245,530,442,750,,,,,,,,,,,,
640743e2-59ed-4859-b25b-eb92f351cef0.png,662,552,844,758,,,,,,,,,,,,
680d309d-3aa5-4883-ae61-1b211286f5a4.png,223,368,389,622,634,390,812,606,,,,,,,,
6821b958-8b00-40f0-8ec2-8912d21acfaa.png,241,504,495,634,,,,,,,,,,,,
6882ecfb-e577-42f1-9cbd-5f6408ae189a.png,178,470,412,644,,,,,,,,,,,,
697491a0-2dfb-4d33-ace5-e824a637215f.png,103,542,339,610,,,,,,,,,,,,
6982a34e-4c06-48f9-90e0-2f86551bd9cd.png,724,536,877,750,,,,,,,,,,,,
6a4d75d0-51ae-4952-ad56-132474a2cf7b.png,659,561,857,772,,,,,,,,,,,,
6a97ec99-92f5-4989-a29c-30bdcf595eed.png,259,606,475,860,,,,,,,,,,,,
6aefeac2-d497-47c9-939d-5558d039ae1a.png,497,266,701,508,197,236,352,453,,,,,,,,
6ca7f663-f2ea-467c-baeb-7662614b3484.png,178,376,445,719,599,535,849,729,,,,,,,,
6ce335ab-d239-408a-a771-0020cdd35cfc.png,155,429,389,753,,,,,,,,,,,,
6d0d2d29-ba30-40ef-b9a3-822b522ffb51.png,636,463,783,734,,,,,,,,,,,,
6df264b0-ab7f-471c-b371-7c4018fb43a4.png,130,404,343,537,,,,,,,,,,,,
6ec8cf52-32f7-4995-91d2-07b4d6bd9d1f.png,165,385,421,551,,,,,,,,,,,,
6f47bae9-705f-41c8-8a28-d5cf88927b0e.png,231,297,486,692,,,,,,,,,,,,
6f648895-e84d-40a7-a8cd-b3c0d9677a91.png,58,567,313,758,,,,,,,,,,,,
701ee1cc-5bb4-4b0d-b1df-437d8a5fdcb3.png,94,437,406,752,,,,,,,,,,,,
70a630f3-c0cd-4487-b07f-87e2bbe961e0.png,573,271,784,519,,,,,,,,,,,,
70b0ae1e-ee05-4bdf-a35f-0d7eac98e3cb.png,656,346,826,608,,,,,,,,,,,,
714f9b26-0dee-401a-9f15-ae432961c820.png,581,344,735,635,,,,,,,,,,,,
719c6eac-44d9-44ae-a090-29e17f9349bf.png,586,361,875,549,,,,,,,,,,,,
71a96026-101c-4da6-a576-60cd288b9733.png,712,205,846,450,313,270,408,494,,,,,,,,
71c99471-4012-425d-b52d-17f161aa1262.png,150,453,360,562,,,,,,,,,,,,
727fd52e-3999-4f15-a113-8af93d60e1de.png,187,222,377,554,,,,,,,,,,,,
729ad38e-12b9-4bc5-8773-cd1615b5bd04.png,579,336,706,786,269,298,435,785,,,,,,,,
7358decc-5bb3-4fad-8eab-c3c6459d2c11.png,616,195,842,588,202,182,442,572,,,,,,,,
73bc84c5-99b9-4e31-b8db-e3707aaf3576.png,120,256,377,587,597,420,794,637,,,,,,,,
74075cca-a426-4710-92de-e23aa74b76ac.png,263,388,453,693,644,292,837,592,,,,,,,,
74457e4b-4059-4ba4-959a-3a8e12b7d5f8.png,631,439,839,755,192,688,396,830,,,,,,,,
74f02a21-db6b-439d-b17d-81c23120374d.png,622,350,764,551,,,,,,,,,,,,
755233cd-2ad2-4cbc-b927-97243e46135f.png,204,448,397,655,,,,,,,,,,,,
767b5c8d-d09b-4d2c-97ea-17dea981a4e4.png,173,449,359,716,,,,,,,,,,,,
769f98fc-59c7-4f3a-af65-80a75b679923.png,180,370,404,533,,,,,,,,,,,,
770b8908-24e0-4c1d-a3c0-4d75065b02b7.png,276,89,437,322,,,,,,,,,,,,
77326677-302c-48aa-b578-953e266790d5.png,633,252,853,644,,,,,,,,,,,,
77a50626-2a5d-44a8-8013-af001549b769.png,144,382,396,611,,,,,,,,,,,,
787fe62b-0e2b-481a-b1f3-2a3f754ba7dd.png,272,338,482,642,,,,,,,,,,,,
78886571-4987-4ea8-aabd-67e3ccb483bf.png,73,459,313,692,,,,,,,,,,,,
78b4b710-15b7-4ea3-b761-c2371594cbf1.png,592,512,808,658,,,,,,,,,,,,
78c6e09e-25c0-45b0-974e-e314d2bdd4ec.png,271,422,501,669,,,,,,,,,,,,
78dba4d7-e138-4d40-b6a5-ac2d8c65dcf5.png,504,216,728,477,,,,,,,,,,,,
793b04cc-60bb-4413-a2a7-36c7c56ac05c.png,231,439,429,725,,,,,,,,,,,,
7bca5ce8-2b0c-4fcb-95b5-f43470092618.png,136,263,339,548,,,,,,,,,,,,
7d93788d-2fb5-41f1-ba86-477681241879.png,206,577,372,785,,,,,,,,,,,,
7e2b8ceb-9db2-4159-9e63-96d734dd1218.png,264,355,456,774,,,,,,,,,,,,
7eb0abcb-860e-4745-b311-28657770c038.png,137,384,336,661,,,,,,,,,,,,
7f0f9abd-a95f-43d7-9d27-d15926e055d9.png,594,416,794,654,,,,,,,,,,,,
80a57687-c167-429b-84b5-3ed038c18e38.png,568,305,796,796,,,,,,,,,,,,
80bca6c8-5cdf-4528-85d6-aa6f3336664b.png,163,307,459,711,,,,,,,,,,,,
815dd1c1-3e01-4038-9723-39d05e8b3cd3.png,251,406,500,687,,,,,,,,,,,,
8160b6e6-9cbf-4083-b849-991b1eaed067.png,194,411,430,712,,,,,,,,,,,,
81785a74-18ad-49ba-92c6-e570b0d4ce57.png,199,410,402,637,,,,,,,,,,,,
817c90f1-a049-474e-bfd5-4e937e6fc234.png,176,189,346,424,,,,,,,,,,,,
8192a218-3ed8-450a-bb3e-052e36567763.png,149,319,425,762,,,,,,,,,,,,
819825bd-1bb0-4eef-9299-e2ae28531c2f.png,135,317,406,687,,,,,,,,,,,,
81a51c71-28ab-4a62-bb1b-458117d8234c.png,243,413,449,861,,,,,,,,,,,,
81b3ca12-841a-4c71-8fde-7fbcb835b6c9.png,646,331,935,625,,,,,,,,,,,,
821694bc-d155-4690-84f8-268eb8da05d7.png,623,386,831,585,255,441,500,570,,,,,,,,
822723b2-1db3-4f0d-a869-004a14a7bcdb.png,177,197,505,644,659,243,992,706,,,,,,,,
8249731d-189a-4352-b8a9-80b68bd84254.png,184,357,449,527,629,432,810,635,,,,,,,,
824a4fda-1ff7-4ab9-bf6e-21fe6fa37f67.png,166,429,368,599,,,,,,,,,,,,
82764af4-85dc-4512-bdfe-d9e9f66e0fc4.png,125,528,403,833,,,,,,,,,,,,
828bb06d-7e5e-487c-833e-110be1a4b7d0.png,101,484,495,804,,,,,,,,,,,,
829c0125-36d6-4bce-ae3a-6e1aef128f51.png,600,486,822,751,188,418,454,715,,,,,,,,
82edc80d-0b41-45e4-8460-e46f64c67dbf.png,200,514,453,830,654,697,965,931,,,,,,,,
831259b0-87f1-41d2-8968-d8a57914eb3b.png,265,116,515,393,,,,,,,,,,,,
83d2803f-0327-4971-8812-8ddce716b372.png,571,142,861,772,,,,,,,,,,,,
83f84af0-3376-4352-8a13-2649e66f35eb.png,238,278,434,614,610,304,851,596,,,,,,,,
84032d11-9143-45a2-b3e9-955f9dc4b497.png,169,521,393,744,585,521,793,759,,,,,,,,
84102d80-4e38-4676-8012-1e76204dcefc.png,179,643,459,799,,,,,,,,,,,,
842eb0e1-5f81-4167-8e37-66d8dd5355bf.png,248,435,424,676,,,,,,,,,,,,
84c7222e-0f68-4de6-9f85-9e3fd1089f79.png,197,471,447,702,,,,,,,,,,,,
84d73e68-ceb9-4bff-94d9-9b97523109ee.png,115,509,485,795,,,,,,,,,,,,
8502b7bb-f681-47a1-aa45-06f6b692841a.png,676,215,890,487,700,519,922,793,,,,,,,,
852156be-0aab-4dc7-95d6-eda950096d0f.png,191,595,426,711,664,563,902,762,,,,,,,,
852a3e14-dd80-4965-847c-913e49c53239.png,604,584,824,839,,,,,,,,,,,,
857c6181-8392-4a98-bb1f-f128c97ada7d.png,207,292,443,558,620,302,871,622,,,,,,,,
85ae17cb-e7dd-4d77-9bf5-8bccdae0f9a4.png,595,442,836,728,258,111,467,303,,,,,,,,
85ea73b8-aef6-43a1-819d-0ceb0af633f5.png,548,439,830,641,,,,,,,,,,,,
8615728f-3449-4e56-aa8f-cc4e2e2aef5c.png,683,577,872,815,,,,,,,,,,,,
87233f70-c512-4a6b-8ece-a4cb41accb66.png,285,405,425,628,,,,,,,,,,,,
8736a34d-c090-422e-bc99-6281271d6554.png,594,333,853,637,209,429,509,625,,,,,,,,
8741ed59-b23a-4b7b-9113-cf359cc2bc41.png,650,355,895,608,,,,,,,,,,,,
8768a800-28e8-4ae4-83ba-2f4326b2d3ac.png,598,242,906,792,220,205,436,366,,,,,,,,
87d4b0be-2d47-4bd5-be11-32cc82345b82.png,101,277,421,694,,,,,,,,,,,,
88070db5-6752-437e-ad22-3f0f2451180a.png,205,426,394,654,,,,,,,,,,,,
881171f8-f1ea-4740-89f2-52fbc63fc2d2.png,139,132,374,528,,,,,,,,,,,,
89821e35-22be-4f81-9aca-15a5192a5c6d.png,667,420,889,696,,,,,,,,,,,,
8992fd71-2070-4b0d-8098-07940eddfbb5.png,650,503,878,691,,,,,,,,,,,,
89b98f9a-d4e7-4234-a047-2e3874155181.png,660,397,837,769,220,127,440,749,,,,,,,,
8a283d3e-888f-4b6a-ae13-200b21f9e69a.png,201,458,415,723,,,,,,,,,,,,
8a545321-245d-4e23-a4ca-634a90c5ba89.png,544,472,814,731,,,,,,,,,,,,
8a598b45-731f-4005-b5ba-3f09f2701dff.png,130,416,349,621,562,318,843,616,,,,,,,,
8a5bf4fb-a18a-4dd3-b611-10ef3cc79b19.png,603,484,884,771,215,317,483,790,,,,,,,,
8a746dc0-cc72-4f17-b0b1-388cecd3022c.png,624,507,861,786,,,,,,,,,,,,
8ce28cb3-1184-4792-b774-229fa7dd633e.png,675,378,867,805,,,,,,,,,,,,
8d14d37c-f6de-4138-b8b9-20613c8befc2.png,90,280,406,707,,,,,,,,,,,,
8d1a4fe3-329f-4eea-a5b7-953d617a74fa.png,189,147,467,649,572,164,818,590,,,,,,,,
8e67f906-1ff2-40a8-8ea1-c5b4887ce2bf.png,344,147,465,486,576,114,722,384,,,,,,,,
8e8955c9-dc5b-4109-80e8-06a714111cb0.png,140,372,405,621,,,,,,,,,,,,
8f8feef4-b211-4d70-83eb-cef152569c34.png,612,375,838,739,,,,,,,,,,,,
8fac10c1-1b23-447b-9169-ea50cae270c2.png,161,319,346,613,584,317,741,520,,,,,,,,
8feb2bb2-88e0-4796-b5c5-005159a8d8d0.png,243,219,480,483,584,177,811,483,,,,,,,,
8fefb690-a1b7-4948-98a6-088e5dd8b3da.png,344,337,502,567,,,,,,,,,,,,
9039dfee-f9b1-45ee-a487-ab6a51d7cfe0.png,250,189,428,570,,,,,,,,,,,,
9042bce5-f59b-4b28-b9af-49dd5a717f5a.png,650,249,935,562,,,,,,,,,,,,
905cf7dc-9b4f-4c3d-816c-65c3b6be7237.png,615,512,825,770,,,,,,,,,,,,
909719b9-a1af-41a2-8ce3-bb99200a5cb0.png,643,305,874,662,224,455,521,616,,,,,,,,
9130c6ff-ef18-413c-af5b-7c7f8de455fc.png,623,334,873,720,,,,,,,,,,,,
914dae25-a1f2-4a77-a368-2d5d5907ac74.png,117,427,376,696,,,,,,,,,,,,
917ea1aa-b1b2-402b-b831-cacf85756279.png,210,396,417,623,,,,,,,,,,,,
91fc2006-9134-46f4-819d-24893059183d.png,638,388,848,600,,,,,,,,,,,,
91ffea2c-cabd-4e92-9250-9498ecbd424c.png,644,326,946,573,,,,,,,,,,,,
92146ef9-15ba-48b9-ad5a-893a27c6f484.png,611,386,835,686,231,334,457,627,,,,,,,,
92e14d7b-842b-4b05-bb5d-4aab98d9acfb.png,621,457,893,737,,,,,,,,,,,,
92e64cff-df51-4747-9203-fb083bdc520a.png,163,258,451,779,,,,,,,,,,,,
93059609-6473-4853-9413-7ecd7d3dae96.png,673,479,942,845,,,,,,,,,,,,
9305cf44-0565-4dc8-8e45-103cede2b3f9.png,212,143,428,393,,,,,,,,,,,,
931b6fb9-e53d-4748-8d66-0d0cf92c96ce.png,681,373,861,581,,,,,,,,,,,,
93550df9-7f67-404f-a974-516acecd5c48.png,576,496,799,676,,,,,,,,,,,,
94211273-5b21-47fa-bbe0-7496e66672ac.png,621,263,787,517,185,703,397,867,,,,,,,,
94399962-8f89-4dfa-a93f-7a3df88feca5.png,305,156,509,652,606,403,908,720,,,,,,,,
952d444d-b0b3-434f-bb33-59e411657688.png,597,391,775,606,210,380,373,661,,,,,,,,
9569c848-ec76-418d-b8f4-6fe8cf77d882.png,592,564,851,784,,,,,,,,,,,,
958ef5a8-9119-4b34-b009-6a3fa8abff64.png,303,587,465,831,,,,,,,,,,,,
963b58ae-2175-4aa5-90be-c37d44809c91.png,218,402,454,645,,,,,,,,,,,,
971befc9-5a0d-4bda-acb5-2cebeaa8163e.png,268,307,424,696,,,,,,,,,,,,
97b7fb68-359d-46f4-b20f-5cb82bb8dd81.png,158,128,459,499,552,308,833,565,,,,,,,,
97cd19cb-73b1-47df-b60f-380d44fc0ec9.png,115,371,405,608,,,,,,,,,,,,
98325e35-8c87-418b-a7c3-81b1180e85ea.png,242,451,503,686,,,,,,,,,,,,
9911bf13-bce6-4b33-b866-1944aca8fab0.png,543,553,836,765,,,,,,,,,,,,
9960c058-8c83-46c9-b311-5dd7e927eb34.png,266,521,545,666,,,,,,,,,,,,
99b9190e-c092-4d21-bc5f-d6c82c513c92.png,577,384,794,608,,,,,,,,,,,,
9a4b8ac5-0371-4bc0-a609-32ad46806f7c.png,586,161,799,327,,,,,,,,,,,,
9a61bc75-01c7-496c-b5a9-b4ad264b7885.png,175,354,421,708,,,,,,,,,,,,
9a941e8d-d526-42b2-9322-cef1e02bba21.png,190,249,416,749,,,,,,,,,,,,
9acc3015-cffb-414a-a8b1-87555ba73b50.png,565,455,854,710,,,,,,,,,,,,
9ae26474-0da3-437d-a0dc-744b8c474bba.png,535,425,832,700,,,,,,,,,,,,
9b16af6c-5f7d-4550-a641-e41460c820c8.png,550,410,775,540,,,,,,,,,,,,
9b215f1b-5061-457f-acad-471ca01f774c.png,583,392,889,708,148,402,455,707,,,,,,,,
9b3f98be-cd49-4634-9dc0-d473d6766fb7.png,596,412,881,657,,,,,,,,,,,,
9b6f8882-b59f-4a4d-8f48-b3f355fd70b9.png,146,354,483,663,,,,,,,,,,,,
9c363f6d-ca24-41da-ac87-52bd65884df0.png,631,531,877,836,225,502,445,810,,,,,,,,
9d1ceb1a-66ef-4135-a905-3d7b51b0fb4d.png,124,557,419,787,,,,,,,,,,,,
9d49e8a3-a382-4765-a6e7-1c865d8b7712.png,147,303,404,653,,,,,,,,,,,,
9d541ed8-0776-4d41-8ffd-4f6bb9c3cf19.png,120,419,328,720,,,,,,,,,,,,
9d5a35ff-4644-4f75-91cf-4ed3142af182.png,544,332,797,576,,,,,,,,,,,,
9dbb7a32-14df-40ca-871e-410111c45c05.png,537,477,765,659,,,,,,,,,,,,
9dcc61a1-27d8-4ad3-9b8b-6af5bf82b588.png,626,319,886,569,,,,,,,,,,,,
9e0e05ef-1c6a-4883-957e-f36f5c59b9ad.png,627,133,878,522,,,,,,,,,,,,
9e14bba9-48f8-4382-b606-d47030e9b893.png,584,371,835,529,,,,,,,,,,,,
9e310044-aadf-4584-871c-b0db5fc0982e.png,600,504,775,730,,,,,,,,,,,,
9e763f85-b627-45b6-ad70-2982aae80d5d.png,160,397,447,799,,,,,,,,,,,,
9edc8604-a965-4eb7-a5d0-61df8a9ae45d.png,194,518,493,715,,,,,,,,,,,,
9ee5d70d-a1ca-4fe9-af45-27dc20017d27.png,160,490,456,732,,,,,,,,,,,,
9efa04ab-254a-4047-8f2f-91e5fe93062f.png,584,171,807,407,175,230,431,504,,,,,,,,
9f756055-99fc-4a80-97b4-f89f98cf92d2.png,66,397,393,696,,,,,,,,,,,,
9f9e35d3-2032-489f-8729-474a160fa176.png,600,528,908,784,,,,,,,,,,,,
9fa17c26-8aae-4dd6-af8a-5750f042adf9.png,130,417,427,804,,,,,,,,,,,,
9fbc34a0-5af2-4ce3-a672-c7d90c78aaa8.png,161,457,376,751,,,,,,,,,,,,
a02a2b40-a352-4e80-8390-d44e1264bcb7.png,203,122,473,866,,,,,,,,,,,,
a082d750-3663-46ca-bf52-cc32b2f403c9.png,159,580,385,746,,,,,,,,,,,,
a09d65c9-1707-47d4-a241-212aa118a860.png,630,213,848,736,,,,,,,,,,,,
a0c4fc4a-52c9-49df-8564-5d23e9d0ebc0.png,617,500,869,845,,,,,,,,,,,,
a0d6ccfc-3f60-41a8-8e11-4fa091384129.png,578,488,914,689,,,,,,,,,,,,
a11a11e6-18b1-4efb-9c26-37f458bc1b0c.png,173,430,386,806,,,,,,,,,,,,
a13bf9b7-ea61-4bff-96dc-e6c716638461.png,136,527,486,759,,,,,,,,,,,,
a16c339d-0eb4-4010-87a0-f422a08a00bb.png,594,448,829,751,198,427,457,798,,,,,,,,
a1c8a30b-9978-4be6-9be1-d55456ef2480.png,632,362,807,649,,,,,,,,,,,,
a1e46713-1cd9-4360-9a3f-5e57e418c5a2.png,169,177,435,496,,,,,,,,,,,,
a20667cb-b7b3-454c-8fa8-2acdd4bd0604.png,246,506,558,708,,,,,,,,,,,,
a22f0f36-ac98-442a-a980-069a248630a9.png,243,412,434,664,,,,,,,,,,,,
a25056f9-2c4e-42f3-a035-26552647dcd4.png,273,155,445,364,,,,,,,,,,,,
a28266ba-94b1-4789-88e7-e7a1c4bc6d0d.png,576,609,810,840,,,,,,,,,,,,
a2907d58-d777-4ddc-8877-f784f14c0c27.png,538,397,752,676,,,,,,,,,,,,
a2961d70-7b12-4eac-bb33-8567bba2d3e9.png,202,126,423,423,,,,,,,,,,,,
a2a093bc-6179-4a31-bcbb-645d2f136a80.png,280,400,474,649,,,,,,,,,,,,
a2cd771c-cc13-4676-806e-73bd45e25373.png,579,209,695,428,179,124,456,439,,,,,,,,
a2d27e14-d9c0-4596-84d8-c526b0afc9a7.png,372,310,488,566,,,,,,,,,,,,
a30e9f7b-4de5-4e40-afc3-cf23361a14e2.png,590,199,741,465,,,,,,,,,,,,
a31468bb-700c-4430-ae7d-8a547db8fa5f.png,581,387,809,705,,,,,,,,,,,,
a31fd48e-8dd7-4a31-a197-ed1d67ec98cf.png,138,107,448,358,,,,,,,,,,,,
a3330875-c899-4f4f-81e7-40eea365b08f.png,612,447,803,847,,,,,,,,,,,,
a36bcdda-c363-4ae6-a8b9-47bb0e05dc43.png,615,440,912,705,,,,,,,,,,,,
a36d5534-15f9-4cb1-aacf-99c5f96b6d40.png,180,147,382,487,,,,,,,,,,,,
a36e7035-fe1e-4145-85cc-e893094beb3a.png,568,94,787,391,,,,,,,,,,,,
a37b8547-1850-4d8c-940e-cc9d74e0798f.png,293,202,499,512,,,,,,,,,,,,
a3914966-dba0-4178-8efa-20f3dbb5e75e.png,571,219,804,650,235,198,451,673,,,,,,,,
a3ac5fe9-431c-4c10-8691-d0d26e6a0edd.png,180,21,515,872,,,,,,,,,,,,
a3f77eaf-8e19-4ad8-84b2-9549f3dcbef8.png,614,521,851,716,141,398,336,679,,,,,,,,
a3ff8160-0b83-4f41-9880-201c7981a2e5.png,199,494,423,745,,,,,,,,,,,,
a408f2c1-9ec2-49fc-8dd6-617dd540d512.png,186,354,373,615,,,,,,,,,,,,
a422ca04-b11f-4995-a7b7-a9f4c0988f30.png,158,319,464,704,751,398,932,667,,,,,,,,
a4a28a4f-9496-430c-8cc1-cff2b44ac359.png,173,500,450,669,,,,,,,,,,,,
a5282327-a8ac-41c1-b4fa-f6a5db60d992.png,588,401,894,625,,,,,,,,,,,,
a541be19-c9f6-487e-b615-d15042a246b1.png,529,464,841,685,,,,,,,,,,,,
a57aae30-eb23-4e9d-b11a-4c304c823364.png,208,398,498,772,,,,,,,,,,,,
a5dcb09b-5ae9-47a6-a561-524d7838b22c.png,667,264,910,520,172,238,497,533,,,,,,,,
a6148502-53a7-4916-93c1-9fa49c9a953b.png,240,436,506,695,,,,,,,,,,,,
a679589b-9b88-4010-825a-cb3653587e78.png,548,365,818,564,,,,,,,,,,,,
a681ac25-1798-4c81-8e28-a1c5014e00bf.png,182,493,411,785,,,,,,,,,,,,
a6905106-5479-4725-b81f-532376d24222.png,675,451,975,814,179,387,445,880,,,,,,,,
a696320a-43e2-4f36-bb75-3b435ddceccd.png,178,352,442,772,563,436,857,781,,,,,,,,
a6a38450-9151-4178-a830-a08e0223f8a5.png,131,511,403,801,,,,,,,,,,,,
a6a420f8-b676-49e1-9273-fd1b9f9fdfc9.png,148,232,457,793,,,,,,,,,,,,
a6b07082-0fb9-48a6-8c53-2c40ea901b62.png,561,387,843,586,,,,,,,,,,,,
a6d7b6da-d474-4195-8270-08fdfd6e8a20.png,688,278,872,511,,,,,,,,,,,,
a6d95e82-3d6c-4047-abf2-505f059cdf17.png,200,310,411,746,,,,,,,,,,,,
a6f211a6-43f4-4f15-aa2a-cf72fb29bd3b.png,186,178,438,460,,,,,,,,,,,,
a74060c8-870a-47e1-9bc9-c1226caf9a87.png,158,261,352,570,,,,,,,,,,,,
a7a95de8-1075-49df-a0ed-edc1baca084d.png,622,398,863,667,,,,,,,,,,,,
a7adf94f-aac5-4d65-a860-1b54596bcb51.png,169,330,410,544,,,,,,,,,,,,
a7b7222f-91db-467e-afb7-68f44f06c6a2.png,632,476,909,770,,,,,,,,,,,,
a81ed846-615a-4432-8e34-67b1169ebea5.png,699,536,988,886,,,,,,,,,,,,
a8521ca7-b65f-42e9-83e2-f3dddf811eb3.png,622,325,864,707,181,392,453,684,,,,,,,,
a85de598-dc47-445e-982b-e0db1c3d18db.png,154,402,461,727,,,,,,,,,,,,
a89d0ed5-5c57-4769-855e-6cfb7b9958c1.png,563,388,810,595,,,,,,,,,,,,
a8d39eb7-7495-410b-8c23-0723b5245dae.png,560,471,847,717,,,,,,,,,,,,
a9023293-e3bb-4516-9769-d3c5b9565e61.png,577,427,772,709,224,381,413,690,,,,,,,,
a93def1b-0944-4a6d-b49a-cfff8dca694b.png,546,424,823,719,,,,,,,,,,,,
a95c830d-b00d-40cd-abd4-1e256ce80721.png,583,228,817,646,,,,,,,,,,,,
a99561a5-2c12-48cd-be57-ce6b6cf58da1.png,158,437,446,723,,,,,,,,,,,,
a9c3b3d8-0e8a-4b5f-b05d-d66f5f8fe2ad.png,539,381,862,634,93,475,424,666,,,,,,,,
aa1b6c09-41c6-4782-8572-c9986505cbfb.png,635,503,923,681,,,,,,,,,,,,
aa49ed8f-c583-41e7-9fed-d5f930e19366.png,178,508,482,801,,,,,,,,,,,,
aa5418aa-065b-4dfe-b61d-3cddd302b4f2.png,601,300,826,504,,,,,,,,,,,,
aa636938-1fb2-4d4c-9678-b703388552e7.png,136,63,488,788,605,80,931,785,,,,,,,,
aaf27f12-2f10-4f29-bff2-ab9407234c83.png,219,541,451,809,,,,,,,,,,,,
ab6c8c45-7aad-43f3-9b5c-49cfad1dc0f6.png,655,447,836,827,175,494,346,818,,,,,,,,
ab6e779b-d387-46fe-be63-74bb6c2a1d08.png,604,318,704,686,230,627,378,833,,,,,,,,
ab83e64b-4204-405f-a77c-02f4fa01c6e6.png,152,425,364,570,,,,,,,,,,,,
abd50515-15ea-489a-bdb8-c38dd3ef0b36.png,148,181,368,351,,,,,,,,,,,,
ac1f192d-7a24-44c3-9175-819291bd4db9.png,171,398,433,620,,,,,,,,,,,,
ac26a72d-2ac4-4e08-8761-7d48b67d0726.png,212,263,387,523,574,460,785,618,,,,,,,,
ac38760f-7332-4278-b011-982c9615f3cf.png,155,188,377,648,635,439,953,731,,,,,,,,
ac51aa90-d1ca-4247-911b-09e5b324fa30.png,160,370,471,835,,,,,,,,,,,,
ac648f87-a79f-4ce0-9439-23a8dd886b71.png,601,237,913,772,188,225,461,617,,,,,,,,
ac69e22d-1383-4d35-841b-c2da8b402469.png,626,310,882,637,,,,,,,,,,,,
ac6b624d-71ba-44ca-957e-592a715f0ac2.png,238,494,443,744,,,,,,,,,,,,
acb5c720-f741-415c-993c-65855be08ffa.png,187,384,436,525,576,237,871,856,,,,,,,,
acd43666-c66e-48f6-ac31-c7789f9acc62.png,219,305,460,656,,,,,,,,,,,,
acee926a-5141-461f-b0c7-edbbf8bf51c8.png,223,423,427,552,,,,,,,,,,,,
ad5a2700-3388-499a-8584-d811cacac4ac.png,141,160,384,468,,,,,,,,,,,,
ad69b71d-7005-4f1e-a6d8-27d84106c9af.png,664,265,827,667,,,,,,,,,,,,
ad99c503-84bd-4309-9d4e-2a35a77b7b4d.png,633,553,869,696,,,,,,,,,,,,
adce8349-6836-4328-ab63-f356d0bbe298.png,647,389,848,597,329,445,482,669,,,,,,,,
ade2b6b7-5ee9-4480-844c-5eb07e2c08fc.png,605,181,889,778,123,67,394,695,,,,,,,,
ae01a62f-cbca-4f9d-bf40-2962929e5e0e.png,580,168,874,636,101,140,430,604,,,,,,,,
ae5d10d8-1ed8-456f-886b-8689db2a0ee8.png,571,404,834,674,,,,,,,,,,,,
ae6a227c-27d7-48f1-b424-ba091d4c1c08.png,288,297,461,575,641,286,818,676,,,,,,,,
aec5b2e5-ceff-4e21-a089-19efcd0c3d45.png,205,606,410,808,,,,,,,,,,,,
aee1bed8-19e1-4ca5-9d1d-3ebf08a06156.png,607,266,796,514,,,,,,,,,,,,
af0894a8-0a8b-4327-add9-a3bdcb425b76.png,121,514,379,760,,,,,,,,,,,,
af2cd4c9-097a-464f-8956-3e1a977696af.png,94,496,365,664,,,,,,,,,,,,
af7ebb36-6ff3-4d40-9330-3bc530b1f7fe.png,144,419,370,650,,,,,,,,,,,,
aff2efe8-0cf0-4789-8ec9-b15d10f32c69.png,311,373,445,585,651,376,918,596,,,,,,,,
aff963a8-7c66-453f-b247-b99fac926e2f.png,625,468,910,620,211,432,427,565,,,,,,,,
b0052168-b95f-477b-9220-e26a6d33f1d0.png,279,622,457,847,,,,,,,,,,,,
b03a2f26-e8af-43ab-970f-d35b2614e268.png,708,504,941,700,,,,,,,,,,,,
b0d3f19f-10f9-487b-9cf8-8c2d6dc5d746.png,639,348,836,566,,,,,,,,,,,,
b134ec86-1a70-49fa-89cc-b43686c73d0f.png,185,567,413,801,576,247,866,834,,,,,,,,
b13e0bd3-f990-4d48-8eae-f841a45af664.png,220,187,498,657,649,230,907,714,,,,,,,,
b145a972-a2b6-4dca-b98b-37d41f7c371f.png,220,147,448,631,658,316,872,676,,,,,,,,
b15b5ce7-ad31-4506-baac-e6316aaf6cf6.png,119,412,389,708,,,,,,,,,,,,
b1831e52-f668-47a9-a900-f42924698045.png,209,501,467,750,,,,,,,,,,,,
b18e4375-e20d-42e9-a545-a62294135c07.png,604,807,849,1017,,,,,,,,,,,,
b1a8c34d-b577-45d2-8f8e-9190e2cefb4a.png,574,356,822,449,,,,,,,,,,,,
b1f2db42-68ac-4c11-a4f4-3f6b8b6be999.png,168,542,387,702,,,,,,,,,,,,
b20c86c3-84f9-466a-a405-a0cd7207a84e.png,192,592,431,787,613,517,817,755,,,,,,,,
b21e0de5-4fee-4584-9ee1-31af96400c21.png,193,471,475,712,,,,,,,,,,,,
b2368b39-bba3-4458-87ed-70c19cc5917f.png,606,361,875,705,,,,,,,,,,,,
b24f4b3e-6e1b-4824-af10-270ec5093de3.png,277,178,474,548,,,,,,,,,,,,
b255cf25-6d4d-438d-af57-95f8e8f3654d.png,240,354,437,655,,,,,,,,,,,,
b261b9bd-4ff0-4fb9-a1f4-c7d44a2e45c9.png,144,347,394,702,584,485,863,756,,,,,,,,
b267ae3f-b52c-403c-be9d-c8ac9070020e.png,653,435,888,701,,,,,,,,,,,,
b27ce840-3616-4cec-8499-fa7dc760c387.png,671,594,872,800,124,534,385,703,,,,,,,,
b29dcdc8-57c8-443a-a69c-615fa7dc9973.png,174,592,394,722,603,484,828,741,,,,,,,,
b2b15756-fb84-41d3-b8c5-18b425ef54bd.png,183,553,429,695,,,,,,,,,,,,
b2dab5c5-79bb-44c1-9051-7189d2a9aab9.png,236,294,440,722,,,,,,,,,,,,
b2ea9c20-0653-4f5b-91ae-d91d7ff91339.png,234,573,423,835,,,,,,,,,,,,
b2ee7b2c-80fe-4d55-bc64-807b839690aa.png,328,468,500,700,,,,,,,,,,,,
b2f2c4ee-cb07-48f7-a663-f6e04ee95c2d.png,299,512,446,742,626,525,916,745,,,,,,,,
b2fca33f-a7d4-4a8e-a6fe-2fcc48b7d1d9.png,199,625,449,775,747,607,876,819,,,,,,,,
b3016500-907e-4fbe-b100-6bedc5128ec6.png,174,410,376,791,,,,,,,,,,,,
b3198fbd-a80a-4b5b-8a12-f89bb4a72b4a.png,375,420,489,649,,,,,,,,,,,,
b3332044-d191-4d1d-8cca-b11c30c79fa8.png,621,372,884,659,229,250,462,635,,,,,,,,
b33610c9-a152-47f8-8ee5-4f81dce62938.png,643,427,899,719,197,358,456,691,,,,,,,,
b358a4f5-330d-43fa-a26d-4a80e7d5b410.png,492,315,812,869,139,287,412,840,,,,,,,,
b35f52b3-12fc-4d72-a2e8-883d27d1303a.png,586,498,818,627,,,,,,,,,,,,
b364396e-eb60-471b-9065-1eac897e5d69.png,242,184,425,387,,,,,,,,,,,,
b39fd1cb-b769-453b-84c9-3412d8d1138a.png,205,134,396,341,,,,,,,,,,,,
b3cf158f-1275-4a42-9073-447d96c19a21.png,168,404,386,752,,,,,,,,,,,,
b3e8a708-d8e1-434e-92ca-5d5e79aca86e.png,108,346,364,815,616,380,922,796,,,,,,,,
b460b35c-214c-45b6-8306-3bf234116ca9.png,312,283,484,587,,,,,,,,,,,,
b4686a9f-c3a6-4cba-9400-b35ba566b74e.png,666,331,875,786,335,429,507,641,,,,,,,,
b46fcbd0-8851-4561-96de-0a820e49f45d.png,539,425,794,781,202,394,412,731,,,,,,,,
b480a222-9ff6-445e-a911-e5a4161eff10.png,124,338,369,604,597,435,824,679,,,,,,,,
b4ea28a7-6386-4660-b499-af4eb17750e1.png,166,235,394,493,597,533,773,774,104,610,365,743,,,,
b5017804-ddc0-44fa-8d64-15628c25e031.png,602,452,803,730,221,464,446,705,,,,,,,,
b501b40d-18bf-4b25-a0a4-f93634162375.png,140,427,405,585,,,,,,,,,,,,
b52244ed-5e8f-4ab6-a2b0-9bed4ab0ff2a.png,170,183,441,649,,,,,,,,,,,,
b53bf210-ecc9-4f18-a42f-dfcb87fe1c24.png,604,310,749,597,,,,,,,,,,,,
b544bbb2-35d1-44a9-88a6-431aa0fe72ad.png,604,474,867,710,232,445,452,652,,,,,,,,
b5463e1b-58dd-4541-823a-6b29bb1c3ae2.png,560,431,805,664,193,295,410,695,,,,,,,,
b54f130a-94fc-49ae-a6b2-5e1c870720a7.png,614,527,886,702,180,504,422,705,,,,,,,,
b5630ae2-40eb-4df8-b5c7-5a33e3e7adb4.png,239,468,407,707,,,,,,,,,,,,
b5a5a9a8-9fe4-4eff-8ebb-9da7b9cb014d.png,568,85,761,297,,,,,,,,,,,,
b60b8b4f-2130-42a6-b476-d9e1d80e3ad8.png,610,332,832,672,237,262,473,628,,,,,,,,
b61e3955-0a8d-4678-9746-b7202fd6d777.png,612,579,886,801,229,255,456,673,,,,,,,,
b62a6a88-6ad1-43cf-ad59-6d171e89b265.png,587,340,837,675,,,,,,,,,,,,
b680c111-22a5-4ad1-94b7-34e866815e79.png,225,119,505,522,646,123,912,619,,,,,,,,
b697ecb0-3185-4ea6-a460-c5357b452e7a.png,267,355,439,650,,,,,,,,,,,,
b6c45f07-6068-46af-b35d-302cd05ed4d2.png,206,437,486,688,,,,,,,,,,,,
b6d61fae-fa1f-4328-b065-033ee168cd98.png,210,555,427,732,646,417,820,652,,,,,,,,
b7069aa5-9e33-4918-aba2-f76b0abef6a4.png,151,476,413,655,646,483,906,700,,,,,,,,
b724406f-51b8-4134-a9eb-2185696cbbfb.png,249,295,476,618,639,373,884,776,,,,,,,,
b750080e-5e58-4c49-94dc-8db8d20d4489.png,157,501,367,757,,,,,,,,,,,,
b7734503-5808-403e-96d7-5ea55a96a1a3.png,187,259,427,553,591,245,838,584,,,,,,,,
b776a863-b1da-4a7e-b688-b9a6ce6c3e75.png,181,439,411,717,,,,,,,,,,,,
b78f2713-e211-408e-a810-e0568fc0f0a0.png,626,453,831,576,272,369,456,695,,,,,,,,
b79d126e-d469-4dc1-82e8-b3167e6b52d3.png,161,417,391,647,618,487,827,657,,,,,,,,
b7f5ecee-6ab8-4dab-a4b7-fefee43cd079.png,96,551,382,770,656,576,838,836,,,,,,,,
b812234b-987c-47d8-860d-04fb4bd811bf.png,250,453,453,617,,,,,,,,,,,,
b8328cd5-8b9d-4834-aa79-053be9640655.png,636,714,899,909,199,418,364,770,,,,,,,,
b852140e-62d4-4ddb-b344-bc694bf9f167.png,300,287,525,523,,,,,,,,,,,,
b8834f0f-8ea8-4ceb-8ce5-d5dcb9569fb4.png,208,349,374,575,,,,,,,,,,,,
b8fa31a7-52ba-4bd1-8b63-0568b6935306.png,222,163,475,668,627,200,929,790,,,,,,,,
b915ae1a-346d-4e9f-b1fd-a72e0a78a864.png,683,316,936,647,296,337,476,595,,,,,,,,
b9201f87-a5ef-49f1-b45f-4c54272bc5d6.png,162,164,420,761,558,221,815,711,,,,,,,,
b9356c81-3ed6-464f-b638-f71c07f1dd20.png,535,281,776,544,,,,,,,,,,,,
b952a239-6b35-4d06-981b-4361d4bb8a9f.png,165,532,439,702,605,210,822,506,,,,,,,,
b96a158e-00ce-4b22-8431-05a30448d7f5.png,709,591,913,760,285,568,462,904,,,,,,,,
b97b78b8-bcb0-4694-aa55-d3ca9c4396df.png,621,278,902,615,118,367,431,600,,,,,,,,
b97e765e-a0c1-4f91-b62f-07df0bae33a7.png,278,323,500,532,,,,,,,,,,,,
b9866e78-1b04-4f5a-9970-c434ef113c73.png,563,480,808,677,,,,,,,,,,,,
b98df72f-9bd3-4523-940a-b4075f1ff311.png,194,364,413,483,,,,,,,,,,,,
b997fc0a-eb76-40c3-8924-4b2ecf0d49a6.png,132,473,413,813,605,443,869,798,,,,,,,,
b9a50c1f-4b93-4a91-963f-a8d06fe077ee.png,150,212,423,696,587,468,944,773,,,,,,,,
b9b7f127-2285-4ab3-b2c5-e5c943527494.png,246,360,450,571,,,,,,,,,,,,
b9cd9ce8-2450-44bc-8e83-9cab6b7b35ef.png,520,196,742,520,,,,,,,,,,,,
ba185597-bb80-4b69-938e-4bff4b87d366.png,250,487,412,779,610,492,912,817,,,,,,,,
ba1e3912-82c7-4e15-9c46-46fbf780b2d9.png,185,380,428,534,610,403,842,551,,,,,,,,
ba30b9a4-bebd-4196-a972-e7178508b55e.png,148,497,396,621,,,,,,,,,,,,
ba96958c-acdc-46a1-9914-d0424361a07b.png,275,325,517,516,,,,,,,,,,,,
bac5d49a-c506-4db8-b9e6-e3bec2f8abdd.png,511,188,798,687,92,523,358,788,,,,,,,,
baccc2b6-a7d5-4d89-a110-932adaa6a9ba.png,129,300,446,758,,,,,,,,,,,,
bad052e9-4ac1-4412-87cb-5cb92b55027b.png,559,411,845,605,,,,,,,,,,,,
bad209bb-8814-4a94-9e27-4370052e3b85.png,181,503,442,771,,,,,,,,,,,,
baf2a126-f441-4566-9b85-59c1f2cdaf96.png,184,347,394,507,,,,,,,,,,,,
baf525a5-daf5-465e-ba60-b779cce1e576.png,669,596,862,810,,,,,,,,,,,,
baf8fe18-a7ca-4e9c-b3dc-5c80d474545b.png,624,368,886,590,,,,,,,,,,,,
bb0e4a7c-5f47-4c43-892c-2ab317601edf.png,298,378,460,623,,,,,,,,,,,,
bb1715b5-51ff-487d-ba71-669de8e74652.png,129,466,420,635,,,,,,,,,,,,
bb1e0002-241f-4b8d-83f9-dc3954dc3cd7.png,241,382,468,573,,,,,,,,,,,,
bb2eced7-c45e-4b7f-a25a-7eb36ad54874.png,188,476,443,641,,,,,,,,,,,,
bb4908ba-2679-4f7e-aeb9-c5c4577b40b8.png,241,285,438,603,633,290,827,638,,,,,,,,
bb51a303-4438-43ae-b843-415616c99b0d.png,179,629,398,769,,,,,,,,,,,,
bb65756f-f78d-412a-b5e6-c7fe81c9eb4b.png,548,489,794,663,,,,,,,,,,,,
bb6d8e4b-f416-435a-8dee-fe3f60b4db11.png,589,433,887,657,,,,,,,,,,,,
bb8367d7-725f-46e9-afd8-90e89043b032.png,305,295,475,577,,,,,,,,,,,,
bbdf6d54-a58a-40f7-b7fa-8f3eaf22e414.png,114,251,424,500,,,,,,,,,,,,
bbe656f0-f2a0-45cd-8e5e-c6031d36cc1e.png,163,399,374,551,,,,,,,,,,,,
bc48ee69-de8c-416a-b023-b2f841b3be1d.png,269,450,496,757,668,461,942,797,,,,,,,,
bc6dd946-0b3f-445f-8d78-3cc39a0b14ae.png,615,341,838,569,,,,,,,,,,,,
bc7b5348-574e-49a2-a20a-719d942a9c31.png,204,139,416,573,,,,,,,,,,,,
bc84827e-f1af-43c8-a787-961139eb9940.png,196,465,419,604,,,,,,,,,,,,
bc92c935-81cf-4e5b-8edc-381c0327072b.png,144,130,406,500,,,,,,,,,,,,
bc9bd81f-13cb-4fb1-acb8-2f79d4d58954.png,596,428,863,648,157,403,387,603,,,,,,,,
bca2c151-2431-4595-80c7-75480a196c6e.png,328,415,457,641,,,,,,,,,,,,
bcaf0768-3841-4280-8de4-57e822f38c7a.png,167,325,427,721,,,,,,,,,,,,
bcff3700-de7c-42c2-be5d-1c95d008966a.png,333,494,460,732,,,,,,,,,,,,
bd017f59-fd9d-4eb5-8805-58ffb96550df.png,199,546,398,766,633,565,886,767,,,,,,,,
bd0bb326-cd0d-4dd8-be1c-25c15b076377.png,614,304,793,526,,,,,,,,,,,,
bd1f8cea-15a5-4bb8-9eb4-d6fa3714a78e.png,591,117,785,495,,,,,,,,,,,,
bd35798d-704b-4e3e-83c5-7957dfdf6715.png,136,508,439,708,603,532,863,770,,,,,,,,
bd562b4a-0bcd-4d3f-8fe5-b8bfb3875b1c.png,617,451,754,681,,,,,,,,,,,,
bd56f37d-5561-40f9-bd09-1363786eab67.png,179,433,422,706,,,,,,,,,,,,
bd9af100-1805-4e0a-8875-4a4b7195f0d8.png,584,337,803,704,240,379,412,787,,,,,,,,
bda64685-d0c5-4f57-920b-4fa3eaa9bc6b.png,182,358,397,534,571,292,794,574,,,,,,,,
bdb97b05-a8f7-4cdc-852f-f5398582eeb8.png,177,520,442,728,668,569,903,823,,,,,,,,
bdfea255-f9dc-4694-b0fe-d699aec5b10e.png,591,190,740,469,,,,,,,,,,,,
be00aef3-ebcf-4306-9960-a41b3c0cdafa.png,621,234,809,505,,,,,,,,,,,,
be1a004a-5911-4b0f-a431-bf909eed1e60.png,607,399,844,611,,,,,,,,,,,,
be200106-3457-4b35-b328-9da7a752f0ff.png,162,127,463,664,625,197,891,686,,,,,,,,
be443cae-043b-448b-b6e7-43477812b9cc.png,606,516,816,738,,,,,,,,,,,,
beb63eac-b9ba-40b5-89b1-8aed84ab43b6.png,160,456,412,781,,,,,,,,,,,,
bebdcf14-c068-400b-b006-9d4169e18fb1.png,60,474,339,797,508,348,847,667,,,,,,,,
bec77715-a15a-4725-9adc-792af4dcc1d4.png,226,276,503,560,,,,,,,,,,,,
becefa4b-f719-48c6-a903-85e391e026a4.png,146,447,404,616,553,454,829,630,,,,,,,,
bed364d9-7bad-4de8-b618-9de875b73d67.png,569,441,810,744,156,460,387,722,,,,,,,,
bee9c557-4bce-435f-8de8-bfb37663ccc6.png,287,673,475,893,,,,,,,,,,,,
bf179444-ea01-417d-b78c-cf9aa42f5e5e.png,600,599,827,752,,,,,,,,,,,,
bf19620d-8c98-4295-9c6d-907b059377ed.png,102,474,366,650,,,,,,,,,,,,
bf1da0dc-850f-47e9-aad9-a5a94d6e67bd.png,275,436,435,671,637,329,795,755,,,,,,,,
bf22936e-6390-4f6f-b7c2-9452972c3ab1.png,642,358,831,798,,,,,,,,,,,,
bf2703e3-8466-431a-85ea-15a1f6976d0f.png,202,523,453,808,,,,,,,,,,,,
bf4649af-b05d-4b63-8b6c-dfac44e5750b.png,661,322,825,624,,,,,,,,,,,,
bf506a9c-19c7-4dd8-acb4-b8d6569091d8.png,234,513,445,765,624,484,819,702,,,,,,,,
bf5255f6-1130-444c-957b-b2ef01d01167.png,638,495,913,676,192,421,437,670,,,,,,,,
bf5b8e51-9dfe-4248-b38e-45a9f598b0c8.png,169,508,401,734,,,,,,,,,,,,
bf70e20e-09a8-484a-83a2-2cc2d9bd9a4b.png,205,535,434,773,,,,,,,,,,,,
bf7225ea-722d-483c-8fd6-3118966ca7b1.png,203,512,417,661,,,,,,,,,,,,
bf7b0977-4f77-45a7-8c03-77602f82b905.png,646,472,841,737,,,,,,,,,,,,
bf8609b1-a24f-4129-855e-fe3a0862da91.png,242,463,497,691,,,,,,,,,,,,
bf9254b2-2d3a-444a-8dae-a27f02b0e9ef.png,154,456,361,651,,,,,,,,,,,,
bf9b012d-915c-4026-b989-c05312833b38.png,194,287,476,763,625,281,926,774,,,,,,,,
bfa2adda-f302-4447-8c47-85eea0839526.png,239,124,403,346,,,,,,,,,,,,
bfa45a99-7125-4d61-966b-c51e54dcbf10.png,615,314,779,534,208,387,452,712,,,,,,,,
bfb32559-717d-4a13-81b9-1b9fa902f4f2.png,149,648,410,845,595,673,880,869,,,,,,,,
bfba9c94-6a70-4e72-856b-7e585331f5d7.png,327,491,523,711,,,,,,,,,,,,
bfbf1dcd-242c-4f22-8ef3-f72c8295535f.png,598,531,866,732,91,489,422,731,,,,,,,,
bfd06e37-e927-4000-88f6-e84dd8744cee.png,526,250,687,566,116,546,317,788,,,,,,,,
bfd60c29-4ac3-4bc1-be29-579a65a843cd.png,189,449,462,891,692,447,908,899,,,,,,,,
bfd8ef59-552b-479a-888c-1444384b828b.png,604,284,954,629,,,,,,,,,,,,
bfe40d11-6e72-4ccd-9fd4-5534402fdabf.png,530,154,802,592,234,169,417,589,,,,,,,,
bfe41d70-219e-478e-85ba-9c8226b572f4.png,187,356,438,699,599,372,771,681,,,,,,,,
c224f825-24b8-47aa-abdd-f03c0475a7c3.png,615,559,831,775,,,,,,,,,,,,
c2565641-00af-46a3-8328-4d9c8f319446.png,654,238,956,671,,,,,,,,,,,,
c2974ad2-07ba-4353-9172-1375acd88d9a.png,677,563,891,716,,,,,,,,,,,,
c2abea3d-e666-4be3-a0d9-352e980c13c8.png,265,114,463,782,646,142,884,763,,,,,,,,
c2dd9e3d-9cc4-46c8-9109-0c438b2f7f1a.png,666,389,916,776,,,,,,,,,,,,
c32611c5-e546-4021-b244-4a6d0503787c.png,151,555,408,714,,,,,,,,,,,,
c33d14fe-bae6-458c-b6d8-b36fce161298.png,636,417,852,761,,,,,,,,,,,,
c348479b-d4d4-4cee-8113-763b803820fb.png,618,202,824,512,203,155,440,568,,,,,,,,
c361c9ca-75e4-438b-a021-3c3d4af33a83.png,623,238,811,700,,,,,,,,,,,,
c3670fac-87af-4e1b-a1d4-3181427a60fc.png,579,488,720,734,,,,,,,,,,,,
c3678e72-ceb4-42d0-8e44-5a4de7ebfccb.png,198,192,434,731,565,227,802,630,,,,,,,,
c3853f9a-a16f-4ee4-8bdb-5f636755855d.png,644,237,857,551,,,,,,,,,,,,
c3985003-dd35-42c2-9a6d-c9372742eac2.png,112,478,325,612,,,,,,,,,,,,
c3a56044-440d-4163-a813-3c3f6fd5b68b.png,543,239,824,674,224,303,402,651,,,,,,,,
c3a6ca22-c09b-4be0-a59d-e52718fbb645.png,117,270,394,732,549,246,848,729,,,,,,,,
c3a9ec26-c2c0-4c78-b52e-ed023bf16b3d.png,558,389,819,752,200,262,359,754,,,,,,,,
c3bef210-65b4-4bb1-bfa1-15ae213bfa8e.png,632,542,838,676,153,477,368,626,,,,,,,,
c3bff4b1-efa9-4b87-a32d-bcbe6d31c4f2.png,595,440,817,676,199,461,441,663,,,,,,,,
c3e28b77-4477-4e36-89a7-ec0713349d4b.png,217,522,422,645,,,,,,,,,,,,
c44a8316-9b90-49e6-ab36-8db213312a4e.png,126,420,420,718,641,438,916,720,,,,,,,,
c574a647-fb1f-4344-9568-892f4d66f4ed.png,586,556,903,942,,,,,,,,,,,,
c5d0608a-f8b0-4ac6-8dd7-56763aefd75e.png,119,280,412,641,586,337,950,662,,,,,,,,
c7024796-39ed-4eda-906d-65a1fb5d5c52.png,651,404,892,659,,,,,,,,,,,,
c89e8310-dc56-4606-ba30-126e1f5f13f5.png,105,403,385,601,,,,,,,,,,,,
c98eb387-08eb-4a10-ad95-007e8c52c7bc.png,620,445,823,614,,,,,,,,,,,,
c9ed35c2-1563-47e5-9411-b34f2e9f36ca.png,158,469,437,633,,,,,,,,,,,,
ca6ed544-2804-4f23-97a6-5a9f4814e7c1.png,157,292,436,626,,,,,,,,,,,,
caa5f43e-2050-41a6-b0d5-2775d1fa6cb2.png,544,220,884,823,,,,,,,,,,,,
cae03a83-a903-4087-b324-a67fe98638d4.png,195,262,437,664,,,,,,,,,,,,
cb85b732-7abe-42b6-843e-c6884a619361.png,248,339,488,626,,,,,,,,,,,,
cb8eb60c-ebe6-4d95-b740-61a7b2606af0.png,583,497,800,742,,,,,,,,,,,,
cd0ae273-2dc6-4093-975c-b33e8982e441.png,557,301,859,677,,,,,,,,,,,,
cd7ed4b2-eae7-4fef-ba8d-5c1825efc0f7.png,583,465,798,638,,,,,,,,,,,,
ceae50d1-5854-438c-8cb1-0579e376e286.png,536,453,817,590,,,,,,,,,,,,
ceb849b4-5618-4c3b-b34a-6ef007ae2ba0.png,604,337,864,574,357,397,514,609,,,,,,,,
cf63d55f-512b-43c8-8c84-0aedfc89f3a0.png,87,230,370,368,,,,,,,,,,,,
cf6e4dd7-5d71-4ff8-aa41-2bfdb80e2e3e.png,561,200,862,483,,,,,,,,,,,,
d20eab1c-69ed-486e-826c-7c0b15dd61b3.png,152,440,408,585,,,,,,,,,,,,
d22e3d9f-99a9-4537-a0ff-fc3c1f349ee2.png,172,396,411,737,,,,,,,,,,,,
d2bc881e-3183-4c82-9852-26ee582b5764.png,554,355,848,618,,,,,,,,,,,,
d50b31c0-05b1-404d-a03f-330d2b13a1b5.png,131,274,458,742,566,359,892,779,,,,,,,,
d51472ae-a24e-4340-b468-54c883a12c41.png,602,591,991,792,,,,,,,,,,,,
d5d9c073-56ac-4102-abda-ef3b1f00331b.png,556,208,672,431,,,,,,,,,,,,
d5e9a92d-fb2f-416b-8731-4f7435d6c9c5.png,142,403,410,583,735,398,953,609,,,,,,,,
d71602f4-ca1e-4651-8eb1-86bfde77556f.png,260,646,510,811,,,,,,,,,,,,
d78166b3-fbdf-4d19-bc24-d805269418f8.png,406,273,464,476,,,,,,,,,,,,
d930583e-0c91-4b5f-9a23-0f71f0349586.png,148,606,354,731,,,,,,,,,,,,
d99282ee-dc00-40d4-bb8d-5f8dba263a05.png,246,351,466,526,,,,,,,,,,,,
dad6c631-7bff-4bcf-bdbe-a91a9be2ac01.png,151,413,386,606,,,,,,,,,,,,
db3c8b2a-797b-4178-9b68-09863e1a45a3.png,230,445,463,568,,,,,,,,,,,,
dbaa7abd-4d45-4ce6-ac0c-89d961a7f8d2.png,185,539,401,669,,,,,,,,,,,,
df13cd6b-0b39-40ee-811c-9df848963965.png,203,430,461,590,,,,,,,,,,,,
df21b6dd-32b7-4edd-8b7b-fa1a35e0c043.png,299,707,425,908,,,,,,,,,,,,
e01ef6c8-20f4-48a3-8917-686da0e5b454.png,43,519,337,644,662,531,950,677,,,,,,,,
e0af96b5-9e91-4cc7-84c7-a3d04d4c9405.png,740,304,986,653,,,,,,,,,,,,
e16597e4-4bad-4d6b-819a-3f94dac2454d.png,221,319,406,550,,,,,,,,,,,,
e1c9d1ec-05eb-4bf8-9d64-2aea82f43d98.png,161,534,364,774,,,,,,,,,,,,
e30028a5-ccf1-4afa-8cd8-5b6129483e96.png,147,405,413,615,,,,,,,,,,,,
e34cceab-c358-4257-8fcc-4ec1e7d7de36.png,206,402,443,540,,,,,,,,,,,,
e8ffe2e2-7ded-4a59-b7cd-399940e5f3f1.png,591,400,743,609,,,,,,,,,,,,
eadbf3c9-f034-4b29-9a46-b90a16978a2a.png,615,457,812,760,,,,,,,,,,,,
ed5ddfad-977d-4b5c-9584-ba676b156f2e.png,208,470,410,604,,,,,,,,,,,,
f002b136-7acc-42e3-b989-071c6266fd60.png,199,420,408,617,,,,,,,,,,,,
f145236e-77ef-4cc3-8289-85a020b56c5e.png,236,435,389,751,,,,,,,,,,,,
f16b2e43-66e6-4e8d-9879-63e5f0e36b48.png,205,508,448,641,,,,,,,,,,,,
f26e5df0-bd0d-4d54-86b6-ea40ca0952a3.png,232,206,438,586,518,247,735,468,,,,,,,,
f4113fee-b7a0-472c-8f68-24e999fbf73a.png,228,375,413,669,,,,,,,,,,,,
f5926c42-623f-4a7d-9214-bf9f0964e9fd.png,132,730,343,829,,,,,,,,,,,,
f59d592e-2807-4dd0-8e56-810be8c02fac.png,586,328,814,583,,,,,,,,,,,,
f5ec1010-b315-453d-a163-2cc716ab182f.png,695,427,872,656,,,,,,,,,,,,
f5fb166f-fbb1-474f-a7ad-1677dc6d60a7.png,266,530,475,703,,,,,,,,,,,,
f676d04c-a1cb-4714-a17b-e3bf1ec329d7.png,158,458,392,705,,,,,,,,,,,,
f7379744-be39-44b2-8816-a743857bd6a6.png,695,450,931,713,129,513,396,675,,,,,,,,
f7856767-112d-4ff6-8b20-1188c0c47a1a.png,192,487,462,689,,,,,,,,,,,,
f7f3e746-b2d6-47e8-87fd-e7d9db9b1836.png,139,506,437,733,,,,,,,,,,,,
f854d6cf-8297-4894-80fe-90f9a11d0cb0.png,600,551,768,790,,,,,,,,,,,,
f87332a3-9e9b-4405-bcb2-d52652adbaba.png,637,570,847,722,,,,,,,,,,,,
f87e319e-34e7-4d47-893f-8a004ffcb94f.png,125,258,386,623,,,,,,,,,,,,
f8a015d6-f7e6-4dd6-8984-6db9ae4c556b.png,320,301,478,531,,,,,,,,,,,,
f93e4397-1773-4858-8e5d-a449c11a36db.png,160,370,403,590,,,,,,,,,,,,
f9651c64-a88f-46fd-9ca1-63a55f50873c.png,164,306,376,614,,,,,,,,,,,,
f9a571b8-65a5-463c-8ee7-db2f3728f5d2.png,193,452,385,688,,,,,,,,,,,,
f9cddf36-c6d7-4936-87b3-e307a77dbbf2.png,148,420,345,645,,,,,,,,,,,,
fba0309a-edbe-4d97-b806-f6fe8460ced3.png,637,404,866,754,,,,,,,,,,,,
fba69c73-b836-4af1-8c84-4526ee8fdde3.png,224,395,460,621,,,,,,,,,,,,
fbb1a00f-e687-4f08-a085-94ba2a3ff0ec.png,574,239,772,657,,,,,,,,,,,,
fbbd0b3f-2305-450b-950f-0f88754ebd94.png,251,286,449,559,,,,,,,,,,,,
fd147f16-7eeb-474f-98df-c3b0c39c163c.png,619,405,796,669,178,332,403,679,,,,,,,,
fd2af0f9-4bfa-4f2a-87c4-4ba774e2fcec.png,168,551,385,790,,,,,,,,,,,,
fd43dbd5-4dcb-4b62-ae2a-e991a703b48d.png,152,276,364,658,,,,,,,,,,,,
fd45f813-2237-4639-b340-2e1b97737da6.png,726,454,865,708,268,438,459,709,,,,,,,,
fdfc11cc-75d9-4ab7-a40c-e3576cec8883.png,503,474,773,669,,,,,,,,,,,,
fe71c437-e46b-406c-8870-3b2298fc7d3a.png,149,362,414,682,,,,,,,,,,,,
001031d9-f904-4a23-b3e5-2c088acd19c6.png,66,160,439,768,552,164,928,840,,,,,,,,
00eeb3c9-a892-4fac-a67a-aaa6cc7ffd5c.png,670,453,903,789,300,442,487,740,,,,,,,,
018951e6-9fb3-4e92-8ce7-e3a018daf93f.png,254,272,477,614,629,259,852,636,,,,,,,,
0444a527-72cf-4bc9-b17f-100cf7acc889.png,670,633,882,728,249,520,460,660,,,,,,,,
1015e103-bda6-4664-978d-f761cd2982cb.png,630,212,873,636,,,,,,,,,,,,
11a355bd-9544-4211-bfa8-451777c1d3c2.png,627,488,890,826,267,308,423,588,,,,,,,,
11ff35a5-51dc-41d7-afe1-588ff59cbc4b.png,640,352,836,715,192,439,479,668,,,,,,,,
12c0fe21-2770-49eb-8aa1-c4aca13c1712.png,88,307,212,517,76,567,335,693,,,,,,,,
12fd0651-0275-4d15-8868-35ba85ea70f0.png,165,519,389,832,,,,,,,,,,,,
131cd368-4db7-4883-9408-47da2b59650a.png,666,549,990,780,,,,,,,,,,,,
1328013e-dca0-497b-9523-072bc6b23e17.png,221,341,426,806,706,554,884,864,,,,,,,,
13bf28d4-fa19-4ba0-966a-938f676d6d04.png,649,357,843,654,273,427,469,732,,,,,,,,
14df3d5a-f3fd-4a64-ae75-5a9610575e11.png,301,294,422,723,609,362,800,750,,,,,,,,
153d2c23-546a-4fc4-93bc-7873e24d50fa.png,187,425,397,696,,,,,,,,,,,,
15427579-e055-4f31-a2ac-f92da3855bcb.png,152,254,452,493,,,,,,,,,,,,
19a62d7a-3d7d-4b5b-8dca-3247af94f339.png,262,317,421,542,,,,,,,,,,,,
1accb591-63ca-462d-8bd8-83be3cb91df2.png,655,598,882,731,,,,,,,,,,,,
1aeb19e3-7365-4d66-afef-5157a3aca280.png,209,323,386,602,,,,,,,,,,,,
1b57f09b-5884-48b6-b7b5-2b3a323280b7.png,170,390,417,577,671,415,868,631,,,,,,,,
2050fb88-70cb-40db-810d-038337613147.png,577,401,862,719,146,389,436,675,,,,,,,,
21b97415-1275-4483-9705-af9174fc2b4f.png,180,469,423,746,,,,,,,,,,,,
239b10e6-a859-447b-8496-eca7b6c8a356.png,226,536,386,771,,,,,,,,,,,,
239e9d1c-e5c1-4798-a6ba-64fd64e7c486.png,701,435,861,711,,,,,,,,,,,,
23ab8dcb-0331-42b0-8058-45676e48675e.png,205,523,400,734,,,,,,,,,,,,
267daad6-b373-4a1a-94b5-c2dc02f506f6.png,249,443,420,692,585,426,718,691,,,,,,,,
26f62d1f-5b9f-4eed-af49-d6a48e8ff3f7.png,586,553,744,754,,,,,,,,,,,,
270d287b-5f32-469d-9f88-f4a87f27ef47.png,602,354,853,594,,,,,,,,,,,,
274f1a78-5887-4694-8fd6-a1847d9bc486.png,613,398,840,966,267,548,434,842,,,,,,,,
27feebaa-f4dc-4c68-9348-f0ff35134e43.png,635,522,886,890,210,590,462,801,,,,,,,,
28775c77-80e8-4f8c-be85-7a44162b5c28.png,612,354,863,651,,,,,,,,,,,,
2bd2356b-305a-4726-9a47-034da8f5f2ee.png,157,482,372,546,,,,,,,,,,,,
2db5d817-4f4c-4773-afa0-ed3cdb3a5035.png,199,450,393,679,566,286,766,660,,,,,,,,
2dd692a5-a60c-443e-8299-af5d03949b60.png,558,714,801,871,,,,,,,,,,,,
2f51b8c1-32f8-4df8-af1e-d32c8dddad6f.png,663,556,870,643,177,615,457,766,,,,,,,,
bfea966c-f72f-42f7-9712-9cf77b66bad6.png,205,185,459,559,,,,,,,,,,,,
c02e993c-7642-4d8a-aace-988c416ec09a.png,596,206,869,596,,,,,,,,,,,,
c08f10a9-1c81-4c81-b411-a53c7b51f20b.png,140,531,427,746,578,668,928,847,,,,,,,,
c145df8e-9631-468d-af7f-5690c11c2c88.png,601,265,774,648,173,370,351,630,,,,,,,,
0b00ec19-0e23-48eb-8936-c03379bf65c2.png,,,,,,,,,,,,,,,,
0b00fd58-8071-4e60-b9fc-00bc3cd4ab26.png,,,,,,,,,,,,,,,,
0b025ff6-4fa0-4302-b02c-fe2069dfa7ce.png,,,,,,,,,,,,,,,,
0b0860dc-b2ca-4016-a6eb-3a88ffb5ab2a.png,,,,,,,,,,,,,,,,
0b0b36c6-fa59-4cca-b939-aec774926e48.png,,,,,,,,,,,,,,,,
0b18b129-53a3-416c-8559-7a2e9748d2cc.png,,,,,,,,,,,,,,,,
0b2e8b54-aab8-45a1-ac87-f98c91590cdf.png,,,,,,,,,,,,,,,,
0b352cce-b6f8-4130-adfe-38fcc180a952.png,,,,,,,,,,,,,,,,
0b407f1e-dd57-49a7-836b-58ea0b3888de.png,,,,,,,,,,,,,,,,
0b421aea-6e0f-4faf-a4bf-4a82445d0e35.png,,,,,,,,,,,,,,,,
0b46a9e3-2b90-4d9f-8053-bcaa9066f31c.png,,,,,,,,,,,,,,,,
0b494528-53d2-42f5-b9d9-8965b551db52.png,,,,,,,,,,,,,,,,
0b609c12-d05a-4cfe-8204-e0c75c300d0b.png,,,,,,,,,,,,,,,,
0b667844-0121-4eed-9a95-b670061a7a83.png,,,,,,,,,,,,,,,,
0b6c6a3e-4eda-4886-9182-e0b686fd9e53.png,,,,,,,,,,,,,,,,
0b754c5b-d5ee-4a2a-a6e0-c610568b676d.png,,,,,,,,,,,,,,,,
0b8c48a7-3158-4df1-b484-b6f677ff9612.png,,,,,,,,,,,,,,,,
0b92e1e9-78ae-4477-8b7e-f7cac9c79104.png,,,,,,,,,,,,,,,,
0b9736d7-413f-4fe0-8ff3-163c290e2679.png,,,,,,,,,,,,,,,,
0baa6d29-66e3-40db-8aeb-5ebe80ddc8c8.png,,,,,,,,,,,,,,,,
0bb0dca8-127f-4793-849b-cf9d4a67a055.png,,,,,,,,,,,,,,,,
0bb1cb0e-7377-407d-845e-dce144852d32.png,,,,,,,,,,,,,,,,
0bb24183-8b59-48f1-8bbf-4d889976fc82.png,,,,,,,,,,,,,,,,
0bb7b8e1-ffb4-4c6f-81aa-639e1d138a7f.png,,,,,,,,,,,,,,,,
0bbdddaa-499c-47cb-a6cc-a67faa4ec135.png,,,,,,,,,,,,,,,,
0bc32046-7369-4a87-b9d0-582526356cbf.png,,,,,,,,,,,,,,,,
0bcb0834-efa8-4fcc-9082-4a2dd4506dc2.png,,,,,,,,,,,,,,,,
0bcb73ad-aff9-4367-adfe-f9e87b229523.png,,,,,,,,,,,,,,,,
0bdc1ef9-6431-4164-9110-c26fe26ab2a9.png,,,,,,,,,,,,,,,,
0be1f228-74f9-49f2-836e-e3caa49c9fcb.png,,,,,,,,,,,,,,,,
0be9dc1f-eff8-4813-bd77-b076fbfc537e.png,,,,,,,,,,,,,,,,
0bfe09c2-ce96-4cd4-9374-92117c18da3d.png,,,,,,,,,,,,,,,,
0c00260e-8326-458d-9e91-a731488717b2.png,,,,,,,,,,,,,,,,
0c03597a-dc89-4480-9412-dd2121411278.png,,,,,,,,,,,,,,,,
0c10d1c7-6f4e-4410-8327-dac459cff776.png,,,,,,,,,,,,,,,,
0c166e46-6e25-4f59-9743-6c60828c7c77.png,,,,,,,,,,,,,,,,
0c1822ea-5a61-4e64-97f7-ec1885d97fc2.png,,,,,,,,,,,,,,,,
0c1b326c-93f9-44d5-b72e-20e2be51fd09.png,,,,,,,,,,,,,,,,
0c235f29-e4c5-4cb1-ad36-80ace7249062.png,,,,,,,,,,,,,,,,
0c24f2b3-836d-4bd2-8bf7-473d3272a1c8.png,,,,,,,,,,,,,,,,
0c2b024b-5efa-4cb0-8a3b-7cc647665566.png,,,,,,,,,,,,,,,,
0c3a7bda-26e9-4750-a295-5227365857c1.png,,,,,,,,,,,,,,,,
0c3b0389-1cd7-4352-ad3d-2be8bc95ba56.png,,,,,,,,,,,,,,,,
0c46d62b-fd38-4445-9776-3963704c838b.png,,,,,,,,,,,,,,,,
0c485eff-442f-4a5a-b526-f58024cbb1b2.png,,,,,,,,,,,,,,,,
0c5036ec-06d1-443c-ae90-779617e10cc7.png,,,,,,,,,,,,,,,,
0c58209f-4484-4be8-a687-c8a1419aefcb.png,,,,,,,,,,,,,,,,
0c652b5b-8d2e-4c10-8dcd-a47ad0caf39b.png,,,,,,,,,,,,,,,,
0c66c256-fae5-4c7d-bae4-a1864b7227c7.png,,,,,,,,,,,,,,,,
0c861344-c755-4072-ab28-1d29be4949f5.png,,,,,,,,,,,,,,,,
0c96da69-fc57-4e47-b294-fdb585c00ad1.png,,,,,,,,,,,,,,,,
0c9be296-285f-44dc-8599-afde00848e9d.png,,,,,,,,,,,,,,,,
0c9beef4-dc63-4f65-86e6-d8a6eac70670.png,,,,,,,,,,,,,,,,
0cb14822-96b4-4d77-b3ab-436e40ea135c.png,,,,,,,,,,,,,,,,
0cb23e5a-a46a-4a32-89c0-8030941b6301.png,,,,,,,,,,,,,,,,
0cb6fe57-ead1-444b-8563-a51f14014e2d.png,,,,,,,,,,,,,,,,
0cc92744-51e9-4239-9e8f-81c229424d23.png,,,,,,,,,,,,,,,,
0d5478d8-151a-4ce9-85b4-87645d2f8bdc.png,,,,,,,,,,,,,,,,
0d8ca6ee-0595-45aa-bedb-1087dee15f23.png,,,,,,,,,,,,,,,,
0dbb83c1-2214-4152-ac69-d1e7e25453cb.png,,,,,,,,,,,,,,,,
0e486937-8c3d-4d75-9df9-90c7fb5756e4.png,,,,,,,,,,,,,,,,
0e63cd8d-3f26-4f6f-b202-683e747d3458.png,,,,,,,,,,,,,,,,
0ea2d36a-4ab7-4b82-b446-8be5c4089df6.png,,,,,,,,,,,,,,,,
0eb6bffd-a30d-466a-84eb-d8daf93570ce.png,,,,,,,,,,,,,,,,
0efbd9ef-d4c3-4420-924d-db1ff63200f9.png,,,,,,,,,,,,,,,,
0f8c91da-7e03-480e-8760-1604b1d53c97.png,,,,,,,,,,,,,,,,
0fad7782-a936-4a72-8918-e3bc97cf690e.png,,,,,,,,,,,,,,,,
0fb699c2-9ebc-4f77-a531-703a1232c1a5.png,,,,,,,,,,,,,,,,
102b58f8-0c33-4c7a-958e-0fc23d1eb8a7.png,,,,,,,,,,,,,,,,
10363aa1-6671-4c3f-b0ad-d2a7b868ec09.png,,,,,,,,,,,,,,,,
10663fbe-86aa-4bf4-afdc-c234605457f4.png,,,,,,,,,,,,,,,,
10a50075-8c2f-4335-891f-e11127e87dbc.png,,,,,,,,,,,,,,,,
113850e1-6d28-4d63-bc5e-807ab3213995.png,,,,,,,,,,,,,,,,
1140291d-847e-4806-8a10-d0398888716f.png,,,,,,,,,,,,,,,,
1149a2ab-1e6e-42a3-b850-27486c330a87.png,,,,,,,,,,,,,,,,
11beb646-df06-43e4-9a42-457a9a8a87e6.png,,,,,,,,,,,,,,,,
11da9a9c-5b85-46a9-8c72-a612844d8db6.png,,,,,,,,,,,,,,,,
1272fefa-4378-4460-93c8-677a42b6efa9.png,,,,,,,,,,,,,,,,
12db4693-e96a-4a3f-a972-2015b658a14d.png,,,,,,,,,,,,,,,,
12f43927-7592-404e-87c7-4027e114e7ff.png,,,,,,,,,,,,,,,,
134f7cfa-2bf1-457f-b7ef-6a23bd61ec45.png,,,,,,,,,,,,,,,,
139700f3-4883-410d-aaf9-8f60b154d446.png,,,,,,,,,,,,,,,,
13e4a88e-245a-491b-9cd7-a8672c98175e.png,,,,,,,,,,,,,,,,
141c3013-0cf7-48a4-b15c-c2c5afac3072.png,,,,,,,,,,,,,,,,
142123c9-a348-48c0-9650-e53eb09be171.png,,,,,,,,,,,,,,,,
14302d4e-57f0-481b-a5a4-2305eebb0bb6.png,,,,,,,,,,,,,,,,
1436886b-785a-4767-a078-c02510681c3a.png,,,,,,,,,,,,,,,,
146c007e-546c-474f-8b28-9c321565e5e4.png,,,,,,,,,,,,,,,,
1491ad3a-c263-417d-af7b-159f05b72e63.png,,,,,,,,,,,,,,,,
14a17c79-36ac-4794-8f6b-797df627ea4d.png,,,,,,,,,,,,,,,,
14c9d780-c5d1-4a21-a847-9fee0ec3bd43.png,,,,,,,,,,,,,,,,
14cc02cb-fc0b-4fbf-bde1-76eab9a48493.png,,,,,,,,,,,,,,,,
153b7c2b-4909-4dca-8579-9523582bc4fe.png,,,,,,,,,,,,,,,,
153c4961-5c28-448a-9dc0-c972ce580671.png,,,,,,,,,,,,,,,,
154dba64-5188-418e-82ec-d8f1485b433b.png,,,,,,,,,,,,,,,,
1557bea3-b9f0-4235-b06f-49de5ee8d194.png,,,,,,,,,,,,,,,,
155e1bbc-b81f-4164-8de1-b3c235bfa87a.png,,,,,,,,,,,,,,,,
15688c5b-57a9-419c-b93c-115d7cec828d.png,,,,,,,,,,,,,,,,
15713eb9-2c08-452e-8a4d-467fad2ce8de.png,,,,,,,,,,,,,,,,
1571afbd-596f-472d-96aa-235add06eea1.png,,,,,,,,,,,,,,,,
15737cc0-fd06-4a89-9ce6-8b95bf0d6033.png,,,,,,,,,,,,,,,,
157a7371-119d-4549-82be-fbecaac4bf54.png,,,,,,,,,,,,,,,,
157cdcc6-85da-4280-abac-46afe2ed9138.png,,,,,,,,,,,,,,,,
1586d88a-b10a-44ba-9584-f838ef1de02c.png,,,,,,,,,,,,,,,,
158d5bc5-bafd-47da-a827-dbbd36a15f76.png,,,,,,,,,,,,,,,,
158e77f6-1345-402b-8718-4d5788718509.png,,,,,,,,,,,,,,,,
15911a40-9cb6-404c-b601-4e3b2846d7a9.png,,,,,,,,,,,,,,,,
159ed892-8494-47c9-a375-3e5a65f0a013.png,,,,,,,,,,,,,,,,
15abeeb8-82e8-45fd-a334-adeba39f7903.png,,,,,,,,,,,,,,,,
15b84543-6888-481e-bdb1-f177de3d1f14.png,,,,,,,,,,,,,,,,
15bd1033-0a76-4f21-a6e2-ce3dc0ec41e0.png,,,,,,,,,,,,,,,,
15bed4e1-1b6d-4224-bfe8-b044725ccd77.png,,,,,,,,,,,,,,,,
15c0c631-f3dd-43e8-935c-a360155eb669.png,,,,,,,,,,,,,,,,
15c181df-7b7c-47d3-ac5a-130b6047c1a0.png,,,,,,,,,,,,,,,,
15c262ab-4ec6-4b19-8172-3aaf662e05c3.png,,,,,,,,,,,,,,,,
15c50f7a-a638-4665-9101-cc2ffdc39a43.png,,,,,,,,,,,,,,,,
15c93233-9362-477c-8e4d-c25f2e651aa7.png,,,,,,,,,,,,,,,,
15c968aa-c279-4e68-aa0e-a0ea85b06053.png,,,,,,,,,,,,,,,,
15caed66-ea48-488f-8c54-4f6debd7645d.png,,,,,,,,,,,,,,,,
15cdf6d4-2978-4b2c-8b9a-0f3213370294.png,,,,,,,,,,,,,,,,
15da61c5-38ac-4490-a468-91e67f295825.png,,,,,,,,,,,,,,,,
15e6c264-0f5d-4659-805f-fddff71b48da.png,,,,,,,,,,,,,,,,
15e98e98-57f1-4641-8c33-de67995cf441.png,,,,,,,,,,,,,,,,
15f173c9-43b4-43b7-9dde-ff87543b959f.png,,,,,,,,,,,,,,,,
15f9590e-9e75-4c47-8070-a741a3fe2297.png,,,,,,,,,,,,,,,,
15fa29d8-09cf-436e-8bf8-cd85b260f2cc.png,,,,,,,,,,,,,,,,
1600da0c-21f7-41a9-92d8-1d138a70bfac.png,,,,,,,,,,,,,,,,
160ad42c-c2a4-408f-85fd-f22f5d166856.png,,,,,,,,,,,,,,,,
16164a04-5f08-4637-8226-e34d2fbdd762.png,,,,,,,,,,,,,,,,
161d6c37-0efa-452d-8eb5-f2760016d333.png,,,,,,,,,,,,,,,,
1622a51d-3ae2-466c-a5c8-304862f69eff.png,,,,,,,,,,,,,,,,
16295f19-6f89-4bdf-bfc5-0457e4b4bb89.png,,,,,,,,,,,,,,,,
162b39c5-d524-4661-b29b-8db9336dff13.png,,,,,,,,,,,,,,,,
163207fb-ef50-49f9-a00a-9f849cdd05e3.png,,,,,,,,,,,,,,,,
163956ec-35f4-4df2-a3e4-0f9d8eab4066.png,,,,,,,,,,,,,,,,
163aa468-b519-4109-85ac-58b46a5b8bf7.png,,,,,,,,,,,,,,,,
163b3240-2726-45f0-9054-9119bab7fd88.png,,,,,,,,,,,,,,,,
1668be84-8c1e-4f22-9a54-b88d285043dc.png,,,,,,,,,,,,,,,,
168563e7-4335-4c3f-9593-235df8fcd765.png,,,,,,,,,,,,,,,,
168ae18f-d50a-4df3-9f21-5eedb100fcc0.png,,,,,,,,,,,,,,,,
168f4fcb-a87d-49fc-b167-4ed42fd1ec43.png,,,,,,,,,,,,,,,,
169d225c-4691-4897-a382-8aac28b0c348.png,,,,,,,,,,,,,,,,
16b2f378-a695-44d4-b136-305a7b17155f.png,,,,,,,,,,,,,,,,
16b3b4a2-5039-4977-ba35-73bf84fcc565.png,,,,,,,,,,,,,,,,
16b81782-5c25-4dd2-89f5-8008aec5259e.png,,,,,,,,,,,,,,,,
16c2d839-2259-400b-b6f2-0719ea2f3dff.png,,,,,,,,,,,,,,,,
16c5c9f0-e503-46b9-8f1c-1e752c24370e.png,,,,,,,,,,,,,,,,
16c68f73-6276-44e1-a40a-b15a0b807924.png,,,,,,,,,,,,,,,,
16d4d825-3334-424d-9bfe-0e6fb28c678a.png,,,,,,,,,,,,,,,,
16d8068a-6218-4490-af47-e9ad1c67f007.png,,,,,,,,,,,,,,,,
16dbf9f0-5361-48b3-9371-0ba2707ccf27.png,,,,,,,,,,,,,,,,
16dd5796-1dd9-466b-ab05-e50ae5fafe39.png,,,,,,,,,,,,,,,,
16e739a9-214a-45d1-a2d8-b7b19a167dad.png,,,,,,,,,,,,,,,,
16f2213e-4b37-4e9b-a875-2264999a2a86.png,,,,,,,,,,,,,,,,
16f5be73-4905-4c43-aab6-83903ff468f3.png,,,,,,,,,,,,,,,,
17042665-a8a3-4538-a665-39126634f3dc.png,,,,,,,,,,,,,,,,
170a883f-c2ec-489e-8718-729060379eef.png,,,,,,,,,,,,,,,,
1721fcab-c6fb-4688-a1b9-bb3677213085.png,,,,,,,,,,,,,,,,
174dea20-4712-4425-8328-b0a38e8f88ef.png,,,,,,,,,,,,,,,,
1754e482-71f1-47c5-b9ab-80f4debcd897.png,,,,,,,,,,,,,,,,
1757b96d-2340-420f-a7eb-d8899466e682.png,,,,,,,,,,,,,,,,
175d97a4-f76d-4c1b-a5f3-882575b0a304.png,,,,,,,,,,,,,,,,
1766e77b-97df-4069-8b3f-8be7b65d2338.png,,,,,,,,,,,,,,,,
17674c94-902a-4aeb-b7c3-e394f093bdd6.png,,,,,,,,,,,,,,,,
1769ed43-31b6-4cab-8ac2-4a8e096fd378.png,,,,,,,,,,,,,,,,
1773233f-b1f2-4b33-b5a3-fd51ec980e93.png,,,,,,,,,,,,,,,,
17861c63-e67f-443d-99e7-11bbf3f6239e.png,,,,,,,,,,,,,,,,
178ab0a6-5c4c-4cae-8572-3705352f20fc.png,,,,,,,,,,,,,,,,
17924737-81b7-4dd1-9d9b-2d75af022f8f.png,,,,,,,,,,,,,,,,
179f022d-f515-438c-b17d-f0a998b0e115.png,,,,,,,,,,,,,,,,
17a46e10-30d3-4ddb-bcca-a6316b20c509.png,,,,,,,,,,,,,,,,
17a6c2d3-d218-4ef3-99c0-4da163fc9e52.png,,,,,,,,,,,,,,,,
17a78211-ea8d-4ac8-8882-170a269cd605.png,,,,,,,,,,,,,,,,
17aba977-7b64-47b0-acb0-d41abba1fcbc.png,,,,,,,,,,,,,,,,
17b391e7-f5dd-4fff-99ae-d4d9959d2408.png,,,,,,,,,,,,,,,,
17bbf318-ef96-4dac-99e0-59fae5c60b56.png,,,,,,,,,,,,,,,,
17bd6f06-c2f5-4640-bfa3-b3777a6a1a0a.png,,,,,,,,,,,,,,,,
17c588e7-bf2e-4a0f-a766-1455b6e80931.png,,,,,,,,,,,,,,,,
17c7c4c8-56af-4a29-b05d-312a3730e1b7.png,,,,,,,,,,,,,,,,
17c89271-2986-4e49-be3c-b925e0925515.png,,,,,,,,,,,,,,,,
17c89450-d10e-4041-afa0-4c5a39adccdd.png,,,,,,,,,,,,,,,,
17c8b1fc-07c6-45e7-8328-2fa3bb75b5f9.png,,,,,,,,,,,,,,,,
17c8f17a-b1df-4211-9713-7aff0013f4c1.png,,,,,,,,,,,,,,,,
17d7a61b-6c18-493c-8794-a5de0bb8e4fb.png,,,,,,,,,,,,,,,,
17fa0ef9-d8da-4d79-ad6e-03b1b6a3a7aa.png,,,,,,,,,,,,,,,,
180000cc-3d3e-4ab5-bc9b-4e6a8a1d8c15.png,,,,,,,,,,,,,,,,
1800cf3a-5e9c-41b8-9a2f-d5b84259b6d8.png,,,,,,,,,,,,,,,,
180edf81-c77b-415e-a34f-da706c7794c9.png,,,,,,,,,,,,,,,,
1819f120-e9c3-49a9-aeca-edf35d7a9c90.png,,,,,,,,,,,,,,,,
181f1705-1f44-4768-8f36-547c4e7c4d90.png,,,,,,,,,,,,,,,,
182fed4c-d92a-4440-b135-6caa8cab16a8.png,,,,,,,,,,,,,,,,
1833bbfb-e89d-42b9-9b13-02fdb6045e5f.png,,,,,,,,,,,,,,,,
18343850-b51a-4ce1-8d09-9b3bc4910a9b.png,,,,,,,,,,,,,,,,
183c08d2-a4e6-4e2e-80b4-a547d6f0ed5c.png,,,,,,,,,,,,,,,,
1847b55c-2fed-494c-8d76-7f76630ba39f.png,,,,,,,,,,,,,,,,
1848803a-5c73-49ff-babe-800c2389d745.png,,,,,,,,,,,,,,,,
1854a99c-bfc7-4f4e-8396-c97eebb20106.png,,,,,,,,,,,,,,,,
18630633-df6f-4b2c-b3df-23704d84f5be.png,,,,,,,,,,,,,,,,
1872758e-a516-468b-9498-632699a6c729.png,,,,,,,,,,,,,,,,
1874dc77-19f2-4694-aa8c-0e1beb958f4e.png,,,,,,,,,,,,,,,,
1888810b-4d10-423a-adf6-5fd52aa9961a.png,,,,,,,,,,,,,,,,
18996e90-1465-414c-b623-de6da68336dc.png,,,,,,,,,,,,,,,,
189fec61-2bb1-46e3-a285-1dc3a09e8860.png,,,,,,,,,,,,,,,,
18a5c559-5563-47e2-b26a-8b20f7250ab0.png,,,,,,,,,,,,,,,,
18b3a0ce-d693-4953-992a-4f83bcf89697.png,,,,,,,,,,,,,,,,
18d48b37-94c0-4ad3-ad89-fbe7166b2f5f.png,,,,,,,,,,,,,,,,
18eb8255-4e16-4f71-8ea2-1a8749cbb488.png,,,,,,,,,,,,,,,,
18f8382a-edb1-4e16-b0a0-9cccf86a895c.png,,,,,,,,,,,,,,,,
190f704c-8ae7-47aa-9d40-e1435ec90fe2.png,,,,,,,,,,,,,,,,
191ebe0e-a14d-416c-88e4-4c4fb2647690.png,,,,,,,,,,,,,,,,
192969b5-ad24-4dfc-922e-b5f22b880b35.png,,,,,,,,,,,,,,,,
193614a7-cca5-4108-a812-513722a6af08.png,,,,,,,,,,,,,,,,
193fcf6f-e8c1-4ddd-bf36-7abcc1b0cabf.png,,,,,,,,,,,,,,,,
1953e32b-c76f-4ff4-a893-484772972100.png,,,,,,,,,,,,,,,,
1970f74f-59cc-4acb-b9e8-b507de257943.png,,,,,,,,,,,,,,,,
197146c0-dfe6-4938-ab89-5fbef34150fc.png,,,,,,,,,,,,,,,,
19761fcf-760f-4a6f-b8ca-1ccf72fd8253.png,,,,,,,,,,,,,,,,
197afa6e-d36d-41eb-9028-d4a055f4c838.png,,,,,,,,,,,,,,,,
1990c90d-34cf-443c-99ad-5ce522ae8f0c.png,,,,,,,,,,,,,,,,
199a835e-3ce7-4efe-acd1-a9455726486b.png,,,,,,,,,,,,,,,,
199ad34d-2478-4948-9f8b-91889c0a4c01.png,,,,,,,,,,,,,,,,
199d2377-7244-40ca-af47-f24ae603192a.png,,,,,,,,,,,,,,,,
19e505bb-7c9f-43e7-af1e-79c6dec095b3.png,,,,,,,,,,,,,,,,
1a93ba37-ec6b-4562-87b1-ca23be8a1e1e.png,,,,,,,,,,,,,,,,
1afd6582-da9d-4e5a-a81f-62a188fe9366.png,,,,,,,,,,,,,,,,
1b3f7972-4e7b-4065-8af5-2edcd32a0f76.png,,,,,,,,,,,,,,,,
1b55fbb3-be69-450c-8144-f058aee6b66a.png,,,,,,,,,,,,,,,,
1b569787-f2f1-44eb-b5dd-04f9cc28cd83.png,,,,,,,,,,,,,,,,
1b66fe54-ba32-43ff-bb92-b97e3721faeb.png,,,,,,,,,,,,,,,,
1b8888ce-5f68-4e0a-b05f-fabe9b4da1e4.png,,,,,,,,,,,,,,,,
1ba35bfc-7641-42cd-9988-260fd0f82be1.png,,,,,,,,,,,,,,,,
1bd18b4d-879c-470a-b36a-9d883fb57268.png,,,,,,,,,,,,,,,,
1bd9de29-597c-4cba-8581-83355af4c667.png,,,,,,,,,,,,,,,,
1c45bb74-d61c-4b2a-80eb-b4ab0d8ce3ea.png,,,,,,,,,,,,,,,,
1c50630a-5004-462a-a613-024b3f2a2e7d.png,,,,,,,,,,,,,,,,
1c68a559-e415-4891-9525-426515342d1f.png,,,,,,,,,,,,,,,,
1ccfb985-e736-49e5-985b-f44268fb13bc.png,,,,,,,,,,,,,,,,
1d06aef5-4b70-4148-82c0-9a7c156a274e.png,,,,,,,,,,,,,,,,
1d6a285a-9c5f-42f6-b17e-667ce5f76fbf.png,,,,,,,,,,,,,,,,
1d832dea-40e3-44f2-a282-6347a6733941.png,,,,,,,,,,,,,,,,
1dec61b5-720c-481d-a94a-0bb8706e1096.png,,,,,,,,,,,,,,,,
1e091e21-abd1-48f4-b6f2-3e07ed47b247.png,,,,,,,,,,,,,,,,
1e74323d-d449-4a93-aad8-2df912970b1c.png,,,,,,,,,,,,,,,,
1ebe7102-56ce-40f3-8897-5ec33f446625.png,,,,,,,,,,,,,,,,
1f5f1dc7-7681-41c4-a380-a47e0c90057d.png,,,,,,,,,,,,,,,,
1f61f7dd-64ea-4e69-a59b-1b9624421f93.png,,,,,,,,,,,,,,,,
1f6a4921-3e72-4e98-aaa2-5df79fe85c02.png,,,,,,,,,,,,,,,,
1f9025ff-a538-41b0-8798-829612193eeb.png,,,,,,,,,,,,,,,,
1fc9ff06-f015-4fad-bb4f-e41e001294c8.png,,,,,,,,,,,,,,,,
1fd2dd8d-8979-433e-901d-9a57e60ea90f.png,,,,,,,,,,,,,,,,
1ff1ebfc-d6d4-45bb-9d67-198e7ed13c40.png,,,,,,,,,,,,,,,,
20506c1c-a29b-4535-976a-ddafb34bad52.png,,,,,,,,,,,,,,,,
207560f9-0c11-46f4-b6b3-9ee68a558565.png,,,,,,,,,,,,,,,,
20b8b7c9-258a-4a3f-9f1d-2548fd996b46.png,,,,,,,,,,,,,,,,
2131a5d5-d3ca-4ce1-97a7-4ae34ef0d19f.png,,,,,,,,,,,,,,,,
21934e87-a655-4371-bf85-a8a68370de79.png,,,,,,,,,,,,,,,,
21e403ae-139b-4419-b3fa-0bf13d97d245.png,,,,,,,,,,,,,,,,
22576a85-b417-4d9a-ad80-115b92a3975a.png,,,,,,,,,,,,,,,,
22a849f4-c10a-4217-ad87-cdb80c34a5e5.png,,,,,,,,,,,,,,,,
22cc0373-ff46-4c3c-847f-e9bd2afed4f5.png,,,,,,,,,,,,,,,,
22fdcdc2-9d80-472e-b3b2-f5385004c16e.png,,,,,,,,,,,,,,,,
230cf514-a68f-4a2e-8d76-14756b40d4d7.png,,,,,,,,,,,,,,,,
23253085-831d-41cc-b6e2-bd330d6ea44f.png,,,,,,,,,,,,,,,,
236f9fa0-0a74-492d-b9ae-45f0d685ca9b.png,,,,,,,,,,,,,,,,
238fdbc6-8081-4e89-a541-6c5a4f5aa232.png,,,,,,,,,,,,,,,,
2444c9a4-c1ea-42c1-bba5-811dc342191c.png,,,,,,,,,,,,,,,,
2458db44-f35a-4251-bebf-19514b25fd1c.png,,,,,,,,,,,,,,,,
24714d07-9d17-43e9-ac49-89965306fcc5.png,,,,,,,,,,,,,,,,
2474f5d3-45d0-44d2-a859-90a39f7dd9f6.png,,,,,,,,,,,,,,,,
24a0f5b2-e762-4c07-ac23-b190fb0211ce.png,,,,,,,,,,,,,,,,
24e11e90-9a36-4ee9-8e27-6b58ba9ecab1.png,,,,,,,,,,,,,,,,
24ed1939-bec5-43dd-9206-0a8091f2602f.png,,,,,,,,,,,,,,,,
24f95cc5-aa15-4dd5-9013-ea38d47d995e.png,,,,,,,,,,,,,,,,
254bf9c2-9e64-44ec-a9f4-b776edeec834.png,,,,,,,,,,,,,,,,
25da2f07-bba7-4645-b36a-eb16de62eab7.png,,,,,,,,,,,,,,,,
25e09b01-feee-4917-b64d-4922b4670ffd.png,,,,,,,,,,,,,,,,
26727770-8a9a-457c-9c98-ce0e6bc95962.png,,,,,,,,,,,,,,,,
27036455-3da7-42f5-a0ef-ba2805d06e79.png,,,,,,,,,,,,,,,,
272c12da-2d1a-4616-9911-ce159cef7fff.png,,,,,,,,,,,,,,,,
27b2992d-54c7-4fcd-a060-b118bd8fe5ca.png,,,,,,,,,,,,,,,,
27dc31f8-148e-42de-a6b4-60bfa79e20ae.png,,,,,,,,,,,,,,,,
27e52306-ac01-4326-8ab1-e4e655bbd073.png,,,,,,,,,,,,,,,,
27f328a2-ec1b-4d6e-8a0b-fe1d655b4a91.png,,,,,,,,,,,,,,,,
27f50647-8355-4a2f-91ba-ba3f1ea540d0.png,,,,,,,,,,,,,,,,
2802fe49-28e4-439c-8198-7c1d9703b876.png,,,,,,,,,,,,,,,,
283be94e-ba07-4525-aaf4-3a4b6d884cdc.png,,,,,,,,,,,,,,,,
284a890a-955c-48a3-b085-14363c3c5d89.png,,,,,,,,,,,,,,,,
288f94e4-143c-4eaa-8353-7a0fecb52437.png,,,,,,,,,,,,,,,,
296a0445-1221-4911-9bf2-52c67c52dd63.png,,,,,,,,,,,,,,,,
29991625-4807-479a-b5eb-fa1b3a4b5c0f.png,,,,,,,,,,,,,,,,
29c8bf9e-f034-4ffd-a8d9-000a48172c42.png,,,,,,,,,,,,,,,,
29e75170-ef12-4e4d-a0fc-4055fe7470c5.png,,,,,,,,,,,,,,,,
29fbf731-2297-4336-8b59-f3399684c486.png,,,,,,,,,,,,,,,,
2a2f58c6-73d5-4e72-82ec-e07daa759544.png,,,,,,,,,,,,,,,,
2a35b204-8931-4a6b-a8bb-7e621ee848b8.png,,,,,,,,,,,,,,,,
2a5c0a25-eb3f-49dc-b47f-5b2b4e0c59ef.png,,,,,,,,,,,,,,,,
2abbf0a2-dab3-4c1a-a93e-764b15cc04dc.png,,,,,,,,,,,,,,,,
2af2b9f2-500a-429f-a7cf-7b47ee4f3220.png,,,,,,,,,,,,,,,,
2b0fe1f0-e5e8-41b1-8d57-270cc19c5961.png,,,,,,,,,,,,,,,,
2b74be46-2b42-4baf-9c9c-cc253e766a56.png,,,,,,,,,,,,,,,,
2b76f7eb-f9ed-4b9a-aab6-10091c363221.png,,,,,,,,,,,,,,,,
2b9ea83c-941d-4db3-8c6f-0b6ea714d520.png,,,,,,,,,,,,,,,,
2c4bcd57-872e-40a0-97c4-201a98d7cb6f.png,,,,,,,,,,,,,,,,
2ce0ef42-0fda-43a3-a224-d0c8c43d7ddd.png,,,,,,,,,,,,,,,,
2cf61db7-101c-4430-ae32-949b5a62f653.png,,,,,,,,,,,,,,,,
2d096d09-0957-43b5-a78d-2ea2c2d03b6b.png,,,,,,,,,,,,,,,,
2d107d75-46d8-4679-8086-f23f28872982.png,,,,,,,,,,,,,,,,
2d85bce0-9c45-4ba4-832d-ac65bd3cb601.png,,,,,,,,,,,,,,,,
2dcdd159-2889-48d3-a0ce-5c7b1086c49d.png,,,,,,,,,,,,,,,,
2e13b706-c1be-4f91-9108-dcd693f0c076.png,,,,,,,,,,,,,,,,
2e1dc497-36cf-4881-8166-5552783eb2ef.png,,,,,,,,,,,,,,,,
2e497e99-5aec-4290-bf40-0bb9041973dd.png,,,,,,,,,,,,,,,,
2e5dc881-3eef-4f78-96f8-2e240bbede2a.png,,,,,,,,,,,,,,,,
2e8d7684-3d6d-4516-b849-3666030db7b7.png,,,,,,,,,,,,,,,,
2eb0a283-bb6d-48ef-9c11-a0924f32e67b.png,,,,,,,,,,,,,,,,
2ed29dd2-4d75-484b-871b-cbb29781164d.png,,,,,,,,,,,,,,,,
2edeeb31-ddea-40d0-9466-8f43c7cbc3d6.png,,,,,,,,,,,,,,,,
2ef9bafc-c45c-478e-a789-a5e2bfdea8f2.png,,,,,,,,,,,,,,,,
2f1f42a8-c2c1-40c1-8b62-2ffeb551e768.png,,,,,,,,,,,,,,,,
2f801269-70c2-4987-a479-e25b91767ee1.png,,,,,,,,,,,,,,,,
2f8fbfdc-56db-4eca-bf64-3c9a0637e28c.png,,,,,,,,,,,,,,,,
2f9652fc-2682-49b2-8307-3d7435753118.png,,,,,,,,,,,,,,,,
302b8a1f-67db-40c6-94ad-d35ffcdc1200.png,,,,,,,,,,,,,,,,
305506c0-6074-4612-8940-943e0e4c1bbf.png,,,,,,,,,,,,,,,,
30f237ad-d9af-4f59-921c-5a6b579dd6ed.png,,,,,,,,,,,,,,,,
3141838c-603b-47ea-8591-80a7e7c5bf12.png,,,,,,,,,,,,,,,,
315f5455-13e6-49bf-9531-1f747d4b18d1.png,,,,,,,,,,,,,,,,
315fa31c-3495-451e-b063-5c5944493d17.png,,,,,,,,,,,,,,,,
316500e8-41a8-4f74-849f-0460cbcb2712.png,,,,,,,,,,,,,,,,
316a6692-4321-44a2-b27f-ad96b2758088.png,,,,,,,,,,,,,,,,
316bacdf-2388-4daa-bfce-cc632dcb4f79.png,,,,,,,,,,,,,,,,
317d21c4-c8d5-4d83-af01-755be49aebc8.png,,,,,,,,,,,,,,,,
31bfce74-d914-4acd-9aeb-1155a3c52ecc.png,,,,,,,,,,,,,,,,
31cb3893-373f-4126-8654-48ee8898b85d.png,,,,,,,,,,,,,,,,
31cf07c3-0820-4983-8eaa-2b305295dcbd.png,,,,,,,,,,,,,,,,
31df0417-e221-44e1-8629-34a3f0b01d35.png,,,,,,,,,,,,,,,,
320e8587-ab3c-47d0-9a89-fcc2f5cb5c95.png,,,,,,,,,,,,,,,,
322bc6ed-ee75-441f-b390-8cebf1f1fb82.png,,,,,,,,,,,,,,,,
32307e74-5fa6-4aaf-acef-474a8807faec.png,,,,,,,,,,,,,,,,
32684a31-86bc-48cc-ba45-003c4b86187d.png,,,,,,,,,,,,,,,,
32696785-8a96-4e01-977e-03559d1afd71.png,,,,,,,,,,,,,,,,
326f2ae5-5cd6-44eb-bc82-05d3f1aa6111.png,,,,,,,,,,,,,,,,
329e55d1-2e27-4ffe-95b1-df5f5015aae6.png,,,,,,,,,,,,,,,,
32cdb1e1-83a5-458c-9643-2eb0c9da54da.png,,,,,,,,,,,,,,,,
32e1b26e-976d-4169-bdce-f9863ce88fde.png,,,,,,,,,,,,,,,,
32e485ee-b61b-4ebc-8eed-e8a1c7671809.png,,,,,,,,,,,,,,,,
3312d44b-86b2-467a-b522-bfb1fea7511c.png,,,,,,,,,,,,,,,,
333f3a4a-0169-42ef-b0aa-2c9fe63a282b.png,,,,,,,,,,,,,,,,
334228b8-383d-4d22-9fbc-031279cbdda4.png,,,,,,,,,,,,,,,,
334ebbf2-a210-4051-9629-9ede16de9d3a.png,,,,,,,,,,,,,,,,
3355e305-dd26-43f8-95a0-d7b793854fef.png,,,,,,,,,,,,,,,,
335a9cea-7399-40d9-8743-7dc70f44110b.png,,,,,,,,,,,,,,,,
335d1349-f547-4c69-a2fe-ab0da3230f44.png,,,,,,,,,,,,,,,,
336b379f-b679-42cb-9e9b-e2483a4cae2c.png,,,,,,,,,,,,,,,,
3375538a-8bb6-43af-9fe1-b9c462a597f7.png,,,,,,,,,,,,,,,,
33889753-8a7d-4d7b-a8bd-2b1088cf3a0f.png,,,,,,,,,,,,,,,,
3397ca1b-01c0-45c5-8a12-758df4dff9dc.png,,,,,,,,,,,,,,,,
339c5854-b7d5-468e-9a0c-6410c3b13e65.png,,,,,,,,,,,,,,,,
33a272fa-62f1-4a2f-993b-79a5431e3ba2.png,,,,,,,,,,,,,,,,
33a2a0e3-3c02-4d03-acf9-183932ebfa09.png,,,,,,,,,,,,,,,,
33b5e086-3794-44f8-a4ad-077620ff3155.png,,,,,,,,,,,,,,,,
33d0cdc3-7f8b-4d34-a81a-297f340136a4.png,,,,,,,,,,,,,,,,
33d0e01d-6a72-4dfe-ae47-a526edf8bbea.png,,,,,,,,,,,,,,,,
33d3fd41-5339-4af9-add3-848f793a7683.png,,,,,,,,,,,,,,,,
33d5f226-17f5-4c1a-a5c2-423f022dda61.png,,,,,,,,,,,,,,,,
33e4e43b-054b-4537-9cd6-0fe574f7d337.png,,,,,,,,,,,,,,,,
33eed7ed-1ee6-45d6-b5fe-a1cb92196847.png,,,,,,,,,,,,,,,,
33ef7198-c976-4bb9-82ba-9ed9a73350ac.png,,,,,,,,,,,,,,,,
33f3c9d7-b9ff-45a2-bb59-c6e9d5cf1454.png,,,,,,,,,,,,,,,,
33f64978-7afc-4831-9546-bc93c2c817f3.png,,,,,,,,,,,,,,,,
340986f3-1268-42a5-b0ae-b4c5c07cbd6e.png,,,,,,,,,,,,,,,,
340e5ce5-5845-4c7d-be4d-a646c7e5c4ed.png,,,,,,,,,,,,,,,,
341904e7-1a0f-494d-970d-43d8066b8851.png,,,,,,,,,,,,,,,,
343cdfd6-5bfc-4f64-a4ed-e05ffbb9725a.png,,,,,,,,,,,,,,,,
34456878-b0c3-4099-bf5e-6d4df08a90f5.png,,,,,,,,,,,,,,,,
34533320-e0b8-4286-9909-5587fee2a9d0.png,,,,,,,,,,,,,,,,
3454a6ae-2660-44c8-b15a-0f8a65ba0c6e.png,,,,,,,,,,,,,,,,
3454c720-b91a-4605-99cb-b0e207aa4df7.png,,,,,,,,,,,,,,,,
34684181-63e8-4ead-aa4a-44b560a1bcaa.png,,,,,,,,,,,,,,,,
346b381b-02fb-40da-82fa-cb2760a71a5b.png,,,,,,,,,,,,,,,,
3478ea20-8761-4222-9c49-e738dffd4e77.png,,,,,,,,,,,,,,,,
34795b7d-4e44-4ebf-80b6-7c9317569664.png,,,,,,,,,,,,,,,,
347b3a7c-e866-4835-967a-78f7e3577e42.png,,,,,,,,,,,,,,,,
348c2e71-9dd4-40dc-8e09-0fa4dfa8db5e.png,,,,,,,,,,,,,,,,
349905eb-e0f8-4898-a029-75da0197394d.png,,,,,,,,,,,,,,,,
34ac4072-4a44-4a08-bc4e-5978785d8283.png,,,,,,,,,,,,,,,,
34af7b68-8982-4bfd-bd8a-af266418906c.png,,,,,,,,,,,,,,,,
34baaab0-0f22-4556-b860-97e1c18d0583.png,,,,,,,,,,,,,,,,
34bfa8e6-be0f-4ee9-80f4-abb70fbf0ff7.png,,,,,,,,,,,,,,,,
34cf21be-6985-4848-bde9-43d6d850630b.png,,,,,,,,,,,,,,,,
34ddb00d-6005-4f68-8d8d-0d74769a952e.png,,,,,,,,,,,,,,,,
34e84fe0-d532-47ef-af4f-250f9ef1c020.png,,,,,,,,,,,,,,,,
34f28fd4-00e4-445e-adc8-d86ac1f98bf9.png,,,,,,,,,,,,,,,,
34f497c2-3b1b-4ab5-a517-eee658885313.png,,,,,,,,,,,,,,,,
35006f15-46a9-48d2-853a-0eeacbbbb4c6.png,,,,,,,,,,,,,,,,
3501387b-29ea-4eee-9bbb-d6f62d812661.png,,,,,,,,,,,,,,,,
350b70df-40b2-466e-8756-d44caada2c4d.png,,,,,,,,,,,,,,,,
350f4912-22e9-43d2-8ed6-18adc0f61b12.png,,,,,,,,,,,,,,,,
350f6ea5-e123-4a2b-935d-b48fcbf0c17a.png,,,,,,,,,,,,,,,,
3514e23d-3fbf-4695-9e81-ce5a83212984.png,,,,,,,,,,,,,,,,
3517db13-c047-42b3-849b-91b7ff5eba84.png,,,,,,,,,,,,,,,,
351a2b11-fd83-40af-bdd9-114ff1a44ba2.png,,,,,,,,,,,,,,,,
3525e9a3-8b21-434a-8aec-f216cc36b677.png,,,,,,,,,,,,,,,,
3530e106-65da-474c-b3d8-b024a0b3a81a.png,,,,,,,,,,,,,,,,
3537a092-af77-448a-9cfb-f28903403012.png,,,,,,,,,,,,,,,,
35394354-d37b-4d2f-89ee-152ad05a6b8f.png,,,,,,,,,,,,,,,,
35412b65-c05b-4b5d-b97c-e4c7b6e8211d.png,,,,,,,,,,,,,,,,
354298de-cfa4-435c-b757-4dbce12102d6.png,,,,,,,,,,,,,,,,
354f7e23-5ec3-4588-9183-186b47eae610.png,,,,,,,,,,,,,,,,
3550d703-f5ef-455f-bba2-76dbe8b954da.png,,,,,,,,,,,,,,,,
35555536-4cf7-4f87-bfe2-8af308264f73.png,,,,,,,,,,,,,,,,
355e1c01-1ed4-4219-bed0-483d52e23c84.png,,,,,,,,,,,,,,,,
35655657-e359-45c4-bd56-1ce90ddaebed.png,,,,,,,,,,,,,,,,
3566e80a-4e2e-40c3-b077-7669ee9bd5ba.png,,,,,,,,,,,,,,,,
356b74cb-83dc-4785-b2cb-c55e6cd417bb.png,,,,,,,,,,,,,,,,
3588145b-c0eb-49dc-87e5-56dda99847d3.png,,,,,,,,,,,,,,,,
35956b97-fd90-43fd-a2f3-670ba5ef779c.png,,,,,,,,,,,,,,,,
35ab8f3b-8ec0-4e59-9d5b-74d526914d66.png,,,,,,,,,,,,,,,,
35aea96c-a183-4e11-b13e-f887f9a59d6d.png,,,,,,,,,,,,,,,,
35b74418-4c61-42dd-932d-94021f9a75f9.png,,,,,,,,,,,,,,,,
35ba6cd0-4faa-4fb3-a25f-49295d0fd33c.png,,,,,,,,,,,,,,,,
35c50ffe-4ebf-4683-8d35-ede4ce6e4a75.png,,,,,,,,,,,,,,,,
35c9b827-764f-4911-9630-7fd4a9de1ada.png,,,,,,,,,,,,,,,,
35ce8c4b-7dbc-49ae-b141-ee593aa2180e.png,,,,,,,,,,,,,,,,
35d0aad3-1463-4a9b-b411-f552a10db72b.png,,,,,,,,,,,,,,,,
35d567a4-f9e3-4fc3-a054-a11f35c08752.png,,,,,,,,,,,,,,,,
35d9107b-47a5-4f5a-a16e-02ead11481bb.png,,,,,,,,,,,,,,,,
35f1e0f2-a8f1-4d65-b4f0-bf9686f90c40.png,,,,,,,,,,,,,,,,
35fcd0f6-0832-43b4-b902-82eece7b808e.png,,,,,,,,,,,,,,,,
36113737-c1e4-4261-96aa-5ebd75f3b60b.png,,,,,,,,,,,,,,,,
36246c67-f3b0-4a3f-abd7-5001c1e24cb8.png,,,,,,,,,,,,,,,,
3627ac65-1380-4575-ae70-84e57071d898.png,,,,,,,,,,,,,,,,
3628b7fe-f0d4-4e24-bdff-e811ff0105ff.png,,,,,,,,,,,,,,,,
364aa43b-3693-4c51-a0d0-78c286262540.png,,,,,,,,,,,,,,,,
364ed67e-971c-4c7e-9713-aeb0eb0bc6d3.png,,,,,,,,,,,,,,,,
3650da72-90f2-44d9-aca0-4670fe5884fc.png,,,,,,,,,,,,,,,,
365ae7a6-dccd-4b94-b5af-c1c0eae5cd24.png,,,,,,,,,,,,,,,,
36622689-e3a8-4c99-a5ae-1aeee1b32157.png,,,,,,,,,,,,,,,,
36664b0f-d7cb-438b-9318-0f890fb8129c.png,,,,,,,,,,,,,,,,
366e8aa6-2b32-47b1-955d-1246bb000c1f.png,,,,,,,,,,,,,,,,
367125cd-22f8-41ba-97ea-6adfce7d7a4e.png,,,,,,,,,,,,,,,,
367afc86-b902-4146-b7d5-fa22ff6a9dd2.png,,,,,,,,,,,,,,,,
367fd23c-2b79-4984-9db2-25f44f708297.png,,,,,,,,,,,,,,,,
3681ccb2-b646-46ec-a277-e0fc8499a2c2.png,,,,,,,,,,,,,,,,
36a4923e-c647-4bd7-9e96-2a0e89f6d80e.png,,,,,,,,,,,,,,,,
36c0d012-2a39-43f1-a871-914447931fa8.png,,,,,,,,,,,,,,,,
36d55e8a-0fa3-4af7-91e7-725bbdbd442e.png,,,,,,,,,,,,,,,,
36e2d7a1-bfea-4126-a44c-0388463a7461.png,,,,,,,,,,,,,,,,
36ef9113-5ea4-4812-a5ea-fdb0e3e028ba.png,,,,,,,,,,,,,,,,
36f0c0e8-9216-42a4-9a52-4322c74fc35d.png,,,,,,,,,,,,,,,,
36f94503-a86a-40a5-9f78-7243626f27ac.png,,,,,,,,,,,,,,,,
36f9e046-7b55-498e-97e9-6c6cdcef36e1.png,,,,,,,,,,,,,,,,
36fc451d-e7c1-4931-8409-cd771610bf7d.png,,,,,,,,,,,,,,,,
37020e71-a5a3-4672-9ab0-b0da860d0756.png,,,,,,,,,,,,,,,,
37054795-a17e-43af-8b4b-254015c67af5.png,,,,,,,,,,,,,,,,
37078fab-b7ea-4b7c-b777-906672cbc684.png,,,,,,,,,,,,,,,,
37082ced-820f-4d1f-b5f7-93cb5be6a7b2.png,,,,,,,,,,,,,,,,
370e588e-adfb-49c3-b5da-6de6e259206d.png,,,,,,,,,,,,,,,,
371634ac-fc6c-42d3-9860-e284539921d2.png,,,,,,,,,,,,,,,,
3724385f-45aa-47f5-814c-dd4f591a146e.png,,,,,,,,,,,,,,,,
372b2fea-2013-4600-a06f-765c3f054a82.png,,,,,,,,,,,,,,,,
3732fff6-535e-4ade-9b06-165b44f3e153.png,,,,,,,,,,,,,,,,
3741eee3-6477-412c-bfa5-8f29fb5048e9.png,,,,,,,,,,,,,,,,
3743b37d-25a5-46a0-acac-5087c1791097.png,,,,,,,,,,,,,,,,
37459825-697e-4077-9d95-0b800d85ac7c.png,,,,,,,,,,,,,,,,
3747cf8d-0059-4600-8015-e55b2313cefb.png,,,,,,,,,,,,,,,,
3752f5db-8f1a-4060-aa89-e3aae6af021d.png,,,,,,,,,,,,,,,,
376d0139-7817-4409-8901-6fb073386aa7.png,,,,,,,,,,,,,,,,
37703850-bddc-4c43-b1f4-18d40c5b6229.png,,,,,,,,,,,,,,,,
37731818-2afa-4a22-bd18-db49152ae9b7.png,,,,,,,,,,,,,,,,
377c27f9-b004-40b4-95b3-dc79b067314c.png,,,,,,,,,,,,,,,,
37817cfa-04c3-4b49-9c52-ae48743f68f3.png,,,,,,,,,,,,,,,,
378519f3-871d-4eaa-835a-069edecc41ae.png,,,,,,,,,,,,,,,,
37853254-69f9-4bc4-bd2c-22a069218e57.png,,,,,,,,,,,,,,,,
378cab1a-12c4-4b24-a4f0-35f1d8eb8edc.png,,,,,,,,,,,,,,,,
37914eb3-bbb2-4468-80aa-6a8482204fb1.png,,,,,,,,,,,,,,,,
37a09cbb-e618-486f-bf4c-011cb5b5d69c.png,,,,,,,,,,,,,,,,
37a371ad-7e94-4a2c-923c-2ddfce97f2ed.png,,,,,,,,,,,,,,,,
37a5ce8f-bf20-402b-b8f6-5c9f4c32c7e1.png,,,,,,,,,,,,,,,,
37ae5f8b-8504-479e-bdbd-58dc6158f0f6.png,,,,,,,,,,,,,,,,
37af3cbd-73c4-473d-bda7-5445d4cc6da9.png,,,,,,,,,,,,,,,,
37b49b1f-fdf4-44b2-99a5-145c608eda8a.png,,,,,,,,,,,,,,,,
37b772bc-d179-448f-a2ba-ab3ebabdc188.png,,,,,,,,,,,,,,,,
37b9c031-7681-49dd-ad30-de62d25faa29.png,,,,,,,,,,,,,,,,
37bf8743-ce24-4848-bf86-519659823bb3.png,,,,,,,,,,,,,,,,
37c522d1-93b0-4b70-9cf7-3ae932a7a70e.png,,,,,,,,,,,,,,,,
37cee605-4445-412a-95b3-009af9f59edb.png,,,,,,,,,,,,,,,,
37e04b5c-b7ad-4074-81ee-7dad137fe063.png,,,,,,,,,,,,,,,,
37e78382-9850-4a26-9f94-ff07eab6225e.png,,,,,,,,,,,,,,,,
37eaff2f-8993-45b8-8fb7-845e55df22e5.png,,,,,,,,,,,,,,,,
37fa8cec-dec9-4772-9773-9fb2b26b041e.png,,,,,,,,,,,,,,,,
3802b256-c042-4f52-ab00-73877c1d1a57.png,,,,,,,,,,,,,,,,
3811a5a9-14ba-4996-8ea3-752a50665848.png,,,,,,,,,,,,,,,,
38158e52-8b85-4a90-b09b-92cb9ebaf70b.png,,,,,,,,,,,,,,,,
381bfecb-e26e-4eb5-8c71-3703e4a88606.png,,,,,,,,,,,,,,,,
381d7ec4-d880-4594-b303-056c8608a44f.png,,,,,,,,,,,,,,,,
381f5739-96aa-417b-9074-a4e5f94ec0cc.png,,,,,,,,,,,,,,,,
38266a50-cf99-4476-884a-da94f3c51cba.png,,,,,,,,,,,,,,,,
38374ff9-e61d-45eb-97b9-ce4282402198.png,,,,,,,,,,,,,,,,
384994d3-da6d-4551-9422-ac4ae7a87610.png,,,,,,,,,,,,,,,,
384e74df-8363-41d7-9ae6-56776c9d6987.png,,,,,,,,,,,,,,,,
3857408a-0d0c-4389-bf01-6284b714193b.png,,,,,,,,,,,,,,,,
385c5485-7307-464b-a0b5-a4a6612d8bd2.png,,,,,,,,,,,,,,,,
385cde28-3ed9-4325-b544-852768682331.png,,,,,,,,,,,,,,,,
385ecf1e-e97c-4d79-b80c-6d0c04f8bfe9.png,,,,,,,,,,,,,,,,
386c97c8-8f01-4b09-ac21-80b9d83b17c1.png,,,,,,,,,,,,,,,,
38763425-7310-4bae-92d1-579bc5024a86.png,,,,,,,,,,,,,,,,
387ae1ba-6db4-4045-b41d-fec998d94944.png,,,,,,,,,,,,,,,,
387aeb82-d92c-4a34-89c1-ed70e288492c.png,,,,,,,,,,,,,,,,
38817c65-dcb9-4078-8577-2b249c762f88.png,,,,,,,,,,,,,,,,
388b9fdd-6056-4c84-819a-7db7b9e41e3c.png,,,,,,,,,,,,,,,,
38942b51-6428-47bc-86e5-f974ebdb57a2.png,,,,,,,,,,,,,,,,
389f71ac-2b49-4e1f-a32e-f678d04483c8.png,,,,,,,,,,,,,,,,
38a1c8b7-dc85-4fef-902d-bee0005f996f.png,,,,,,,,,,,,,,,,
38a2d9bc-5487-4abd-8431-698574ab58be.png,,,,,,,,,,,,,,,,
38a4c349-eb03-4ac7-ac5c-5563c9f0481b.png,,,,,,,,,,,,,,,,
38a60ce9-5adc-4875-9fb6-05ea5d44b557.png,,,,,,,,,,,,,,,,
38adcca4-6486-4169-ad60-07f8dec4e11a.png,,,,,,,,,,,,,,,,
38aec2ec-83b4-4389-8644-aa2d72407495.png,,,,,,,,,,,,,,,,
38b29c8e-ccf4-40c0-ac21-03b3df44d285.png,,,,,,,,,,,,,,,,
38b2fb12-5462-498c-b2d6-13262b7e72a8.png,,,,,,,,,,,,,,,,
38b9ca81-a5a8-4a58-ba18-2b5709193cbb.png,,,,,,,,,,,,,,,,
38bf2119-427c-4ae4-810d-db5d9a8ba275.png,,,,,,,,,,,,,,,,
38bfa17d-a04b-4c4e-ad07-fd8c8a730596.png,,,,,,,,,,,,,,,,
38c22302-b0c2-4cf1-8016-a8474ed9d665.png,,,,,,,,,,,,,,,,
38c3c661-624a-4fdf-bd26-c7b33e20169a.png,,,,,,,,,,,,,,,,
38c884d4-086b-4489-b6f5-689e379a2a9c.png,,,,,,,,,,,,,,,,
38c9b6fd-df99-42f8-bae8-b9522ede8a79.png,,,,,,,,,,,,,,,,
38d37747-f284-4263-8bc2-2ff3f085a1b8.png,,,,,,,,,,,,,,,,
38d43187-e89e-4ce0-baea-54ed3b254b26.png,,,,,,,,,,,,,,,,
38d8647a-5c4c-43ae-8daf-73a21f2a4e4d.png,,,,,,,,,,,,,,,,
38d9077e-e395-4460-b7ea-513072d256db.png,,,,,,,,,,,,,,,,
38e3b0bc-e533-408d-a589-ca5abecce596.png,,,,,,,,,,,,,,,,
390197a9-db67-4dc0-95bb-3b57ce49c305.png,,,,,,,,,,,,,,,,
39072ec7-b587-4b1b-b63f-b5b1f36c5aad.png,,,,,,,,,,,,,,,,
39148a82-bab6-4529-9e66-9b28e8110a8c.png,,,,,,,,,,,,,,,,
3916c02c-db1b-459d-a490-db001b4b63fd.png,,,,,,,,,,,,,,,,
39276e28-456a-46f8-b74d-42601c7ec17e.png,,,,,,,,,,,,,,,,
3934d9db-dc88-4a5f-8310-129c505d86c3.png,,,,,,,,,,,,,,,,
39382bea-6add-45cd-bcb3-e79a4f02c179.png,,,,,,,,,,,,,,,,
393af041-d791-44c9-9126-17c47bb099a2.png,,,,,,,,,,,,,,,,
395f9b17-14bc-4f76-9632-f76eaf760e0a.png,,,,,,,,,,,,,,,,
3966f0db-9f84-4676-ab4c-9668a1be1316.png,,,,,,,,,,,,,,,,
396d1f4b-6370-48ba-a3ab-3a891085934c.png,,,,,,,,,,,,,,,,
397fe03a-f56e-4903-8132-8494d0e9f82c.png,,,,,,,,,,,,,,,,
39930ace-aa1d-4d12-b1fd-fa7dd50b312e.png,,,,,,,,,,,,,,,,
39979ed5-0595-44fc-abe2-48e4a9888bc5.png,,,,,,,,,,,,,,,,
39a35520-c8df-4bde-a957-72a7b2dce2dd.png,,,,,,,,,,,,,,,,
39a544f1-29e2-4af5-9b72-40c75ded4020.png,,,,,,,,,,,,,,,,
39ab581e-bbd8-454e-8e32-8384ea206b64.png,,,,,,,,,,,,,,,,
39b7f979-ee4b-4434-acd1-a644284dcaaf.png,,,,,,,,,,,,,,,,
39bc1a90-bdfa-4282-af4d-6a3a92b1d577.png,,,,,,,,,,,,,,,,
39c9fa1b-d758-4985-86cc-ad6e8f5f2171.png,,,,,,,,,,,,,,,,
39d5e1bf-8092-4bc7-af98-f2a5dcd4c39d.png,,,,,,,,,,,,,,,,
39dc2e50-46a1-409e-ad59-98c33d300f2a.png,,,,,,,,,,,,,,,,
39e0da85-7c4a-4309-9fc3-26fa0f56f950.png,,,,,,,,,,,,,,,,
39ebb0a8-3fad-42c6-83d1-b92272c32f6f.png,,,,,,,,,,,,,,,,
3a0832d6-76d6-4915-945c-2ea769faabb3.png,,,,,,,,,,,,,,,,
3a0dc890-7a6b-47b7-bd54-832a2b7c9121.png,,,,,,,,,,,,,,,,
3a19bdf2-b88b-4414-97bd-b24d79cdd53d.png,,,,,,,,,,,,,,,,
3a1a4ced-150a-46a2-9977-586bd65a8db9.png,,,,,,,,,,,,,,,,
3a1cd884-f46f-4bdf-bc85-87205a78b04a.png,,,,,,,,,,,,,,,,
3a23c1d9-6a57-4760-bfc4-ab335af23a91.png,,,,,,,,,,,,,,,,
3a240406-146b-4521-a667-c15a29c67fdd.png,,,,,,,,,,,,,,,,
3a2438c7-e9a2-4c7e-8292-3c7bb99d3569.png,,,,,,,,,,,,,,,,
3a3140be-3622-4b3d-8487-16a370ffb9a1.png,,,,,,,,,,,,,,,,
3a363bfe-b666-48a3-b82a-b990f4989b20.png,,,,,,,,,,,,,,,,
3a449d5f-28ae-4d1e-a613-7eeee7a04b62.png,,,,,,,,,,,,,,,,
3a4b7e29-be9d-406f-ab6a-a624e94f727a.png,,,,,,,,,,,,,,,,
3a516419-d69d-423d-a1f1-f0f2572b6f41.png,,,,,,,,,,,,,,,,
3a5327d8-8830-4ae2-bd6b-293f5aa42d4b.png,,,,,,,,,,,,,,,,
3a54fc42-0d7a-460e-8f19-2e353a01795a.png,,,,,,,,,,,,,,,,
3a61e62c-62b5-4f89-ba74-32e52ef8321d.png,,,,,,,,,,,,,,,,
3a6aa686-b3ea-4e24-86e4-3129c520131d.png,,,,,,,,,,,,,,,,
3a7bffef-ed40-4764-a8ab-2b0ec8820e8b.png,,,,,,,,,,,,,,,,
3a7feaee-a0fb-4db7-814d-ebc3a9f98824.png,,,,,,,,,,,,,,,,
3a9c2da0-7cf6-4d51-8012-096f6f4e461e.png,,,,,,,,,,,,,,,,
3a9ec087-6741-4338-b944-524a15b14733.png,,,,,,,,,,,,,,,,
3ab2b142-2200-4223-801f-01f64ef23d36.png,,,,,,,,,,,,,,,,
3ac49fd1-c580-48f1-8e3c-6a50d3447ba7.png,,,,,,,,,,,,,,,,
3adb395a-d6fc-4870-9716-171cbb79b316.png,,,,,,,,,,,,,,,,
3ae36725-2e5a-4320-bd4c-8faee4a11e1e.png,,,,,,,,,,,,,,,,
3aeaaca0-345a-4d22-93da-2bec43180e49.png,,,,,,,,,,,,,,,,
3aec9f35-58ba-4c7b-8b02-06f1218d3b3f.png,,,,,,,,,,,,,,,,
3aed4a87-9c2e-4c32-a082-25b918c4f76d.png,,,,,,,,,,,,,,,,
3af08ed2-1f93-4a0f-bfaa-f62ef0548177.png,,,,,,,,,,,,,,,,
3b039064-dc2b-43dc-a9d3-0edf181f523a.png,,,,,,,,,,,,,,,,
3b0e1f3c-e7a6-478d-8a9c-461b76ee3953.png,,,,,,,,,,,,,,,,
3b1bead0-08fc-4f1c-acad-7fef601ebeaa.png,,,,,,,,,,,,,,,,
3b1e6d35-ec24-41f0-b5cd-ae2c7f814e5e.png,,,,,,,,,,,,,,,,
3b27a391-cc42-47b3-aff6-206011e86628.png,,,,,,,,,,,,,,,,
3b2853dd-7027-4d70-945e-f604ad9d33bb.png,,,,,,,,,,,,,,,,
3b31cd2d-db9f-4671-8adc-c41203f013ae.png,,,,,,,,,,,,,,,,
3b33c07b-2698-4366-90c4-94256f5f34a2.png,,,,,,,,,,,,,,,,
3b34aba3-d852-40e7-8f50-91dc2ef63dd6.png,,,,,,,,,,,,,,,,
3b368413-f2a0-41d7-a204-b55121e9ff75.png,,,,,,,,,,,,,,,,
3b3b9902-4fbc-46da-a155-b19fb3724edf.png,,,,,,,,,,,,,,,,
3b4dad54-031d-43bb-ae51-d030c95f8a09.png,,,,,,,,,,,,,,,,
3b547956-1d00-47b0-8dbb-fe0c40bf6bbf.png,,,,,,,,,,,,,,,,
3b592a94-3f3e-453e-aec6-2f329cab457c.png,,,,,,,,,,,,,,,,
3b5aa5ce-d085-4813-a927-edd373a1d0b6.png,,,,,,,,,,,,,,,,
3b6a7c3f-6628-43e9-a4b9-227a7d6b7ef8.png,,,,,,,,,,,,,,,,
3b7062c5-6436-4190-8b82-a605faf55614.png,,,,,,,,,,,,,,,,
3b7f8762-a4db-472d-bdf2-baad45d06f86.png,,,,,,,,,,,,,,,,
3b81309b-5e5e-4d02-8eaf-265a770de5b7.png,,,,,,,,,,,,,,,,
3b81bcea-ee88-4c13-b4f6-2a53161d2b22.png,,,,,,,,,,,,,,,,
3b831cd2-d077-4b82-98ab-fcd2f2fba1ac.png,,,,,,,,,,,,,,,,
3b8b8777-a1f6-4384-872a-28b95f59bf0d.png,,,,,,,,,,,,,,,,
3b8cd35a-1eed-4056-9191-5710a9081fed.png,,,,,,,,,,,,,,,,
3ba03324-b1b1-4390-bfea-5989348ce1e8.png,,,,,,,,,,,,,,,,
3ba4f6d7-e386-444e-8e99-6ae2e9f06888.png,,,,,,,,,,,,,,,,
3bb7e241-81e4-4257-8c45-1a51d6b798f2.png,,,,,,,,,,,,,,,,
3bbcfb90-b950-4502-9866-82a131651a73.png,,,,,,,,,,,,,,,,
3bcaf9a6-5613-4b1d-b538-eaf47ba4e62a.png,,,,,,,,,,,,,,,,
3be0c383-ad5b-422e-a003-5676bc9d66df.png,,,,,,,,,,,,,,,,
3be323bf-d180-4128-a918-9010d792435b.png,,,,,,,,,,,,,,,,
3bf39734-e635-4b88-a869-48aa46480806.png,,,,,,,,,,,,,,,,
3bf7dcac-a168-43d7-8043-84d21000771d.png,,,,,,,,,,,,,,,,
3bf902f7-375c-4403-8275-0e40aac684c2.png,,,,,,,,,,,,,,,,
3c002750-bb77-48be-ab63-2440f9283d53.png,,,,,,,,,,,,,,,,
3c0f0186-b2c2-4b74-b6c0-47eaf4a3b47b.png,,,,,,,,,,,,,,,,
3c1410ec-5f53-4538-b6e3-fcd1bae93be6.png,,,,,,,,,,,,,,,,
3c1bd2e3-25e5-493d-b003-0b570d8a0014.png,,,,,,,,,,,,,,,,
3c1e9e21-6e14-4ef7-a4ba-be8588e527ff.png,,,,,,,,,,,,,,,,
3c2f580e-bdac-4f28-a33e-38b147fc60ca.png,,,,,,,,,,,,,,,,
3c2ffd0c-b04c-4a9c-84df-09ec201f55ff.png,,,,,,,,,,,,,,,,
3c38d0bf-0a4b-42ea-bacd-287dcc621603.png,,,,,,,,,,,,,,,,
3c3f7a08-29c4-4773-8ae1-e32418e018c9.png,,,,,,,,,,,,,,,,
3c625ae7-a036-4bf1-9984-257e233ed907.png,,,,,,,,,,,,,,,,
3c674b10-76e4-457c-a17f-2407230b93a0.png,,,,,,,,,,,,,,,,
3c6ccc55-8e35-4218-8c9e-8e7a55783262.png,,,,,,,,,,,,,,,,
3c7077cc-37d7-44fc-81f7-70934c4cfc5f.png,,,,,,,,,,,,,,,,
3c802c6f-8d58-4087-aa01-eaea934368b8.png,,,,,,,,,,,,,,,,
3c81b2f5-1d50-4a9b-9ee7-3d19f67eaf4d.png,,,,,,,,,,,,,,,,
3c83072d-97ca-47d6-9d55-ec9f1f23c166.png,,,,,,,,,,,,,,,,
3c8f377b-05a9-49e2-89eb-fa03c711acb3.png,,,,,,,,,,,,,,,,
3cb60780-aa4c-4b95-91c1-0c1d7911ff40.png,,,,,,,,,,,,,,,,
3cb7ea27-e85c-45a9-a5d6-185b9ec18b17.png,,,,,,,,,,,,,,,,
3cb9b341-19cf-4973-b901-3e69ea74d88d.png,,,,,,,,,,,,,,,,
3cc6570b-da03-45d9-9d7e-c66d1524425b.png,,,,,,,,,,,,,,,,
3cc73009-379c-4b44-984b-d0d117f4dd09.png,,,,,,,,,,,,,,,,
3cd75bf2-6942-4068-926d-6eadd421e303.png,,,,,,,,,,,,,,,,
3cd77f6e-8eb3-4900-bc19-3921d8d22960.png,,,,,,,,,,,,,,,,
3cdc0d7b-b323-4809-92db-49ed6a2903f1.png,,,,,,,,,,,,,,,,
3cf312c7-2d29-463b-bcc2-2a7e074d1d06.png,,,,,,,,,,,,,,,,
3cf53cf7-6306-446c-8274-a487bdd3988f.png,,,,,,,,,,,,,,,,
3d02606b-922b-4423-9a94-253410fc66d4.png,,,,,,,,,,,,,,,,
3d1e8f8f-b4cb-4346-b52a-d98f6a8ebb24.png,,,,,,,,,,,,,,,,
3d20406c-6f09-4872-ad8f-a05d777850be.png,,,,,,,,,,,,,,,,
3d2863ff-7e64-4e52-bfd0-c71cf596bae5.png,,,,,,,,,,,,,,,,
3d2dc6e4-e1d4-4872-a417-5f640ddbb064.png,,,,,,,,,,,,,,,,
3d3ff5b0-9aed-4237-a815-d1c192d7f09c.png,,,,,,,,,,,,,,,,
3d46edf3-15a7-4f6b-a89c-bc11949e2550.png,,,,,,,,,,,,,,,,
3d507d80-6139-42cf-b8eb-7db10633fdaa.png,,,,,,,,,,,,,,,,
3d59ea9f-a290-492e-8c93-114e488af4c2.png,,,,,,,,,,,,,,,,
